rounds,time
80,3.43
80,2.57
80,7.60
80,1.16
80,4.81
80,1.10
80,4.79
80,4.47
80,1.57
80,2.86
80,5.65
80,5.71
79,1.79
79,2.23
79,1.94
79,3.58
79,11.84
79,4.48
79,4.96
79,1.51
79,7.48
79,5.26
78,1.61
78,1.15
78,3.90
78,6.43
78,6.46
78,14.29
78,1.26
78,7.79
78,5.17
78,1.11
77,6.09
77,9.32
77,2.38
77,2.96
77,3.44
77,1.70
77,2.06
77,8.17
77,9.76
77,11.88
76,12.04
76,3.36
76,2.30
76,3.01
76,11.81
76,8.42
76,3.07
76,1.26
76,2.52
76,0.94
75,1.13
75,1.44
75,4.36
75,8.44
75,0.98
75,4.64
75,1.97
75,8.32
75,5.91
75,3.70
74,1.34
74,12.36
74,2.21
74,1.75
74,5.93
74,19.78
74,9.44
74,5.20
74,2.70
74,2.21
73,4.21
73,2.30
73,8.17
73,5.39
73,7.01
73,2.78
73,9.13
73,1.16
73,2.50
73,5.68
72,4.73
72,2.28
72,1.68
72,2.28
72,2.06
72,2.18
72,1.28
72,17.10
72,1.68
72,9.16
71,1.30
71,12.72
71,1.68
71,1.08
71,1.30
71,2.55
71,1.92
71,2.64
71,2.59
71,3.91
70,3.82
70,3.68
70,3.24
70,2.34
70,7.47
70,2.84
70,2.33
70,13.61
70,1.86
70,2.42
69,2.96
69,3.76
69,2.94
69,7.28
69,2.07
69,2.06
69,1.54
69,8.28
69,2.88
69,1.12
68,2.55
68,2.43
68,2.12
68,2.46
68,1.23
68,1.22
68,2.96
68,8.47
68,9.83
68,4.20
67,4.98
67,5.36
67,2.07
67,3.18
67,4.07
67,7.45
67,2.09
67,3.00
67,8.86
67,7.46
66,4.90
66,5.84
66,3.06
66,1.86
66,2.10
66,2.64
66,4.09
66,5.04
66,2.01
66,2.91
65,5.34
65,8.50
65,6.70
65,6.82
65,4.41
65,1.04
65,2.66
65,1.28
65,0.95
65,1.64
64,0.78
64,1.69
64,5.22
64,2.42
64,1.47
64,4.44
64,1.65
64,6.15
64,7.20
64,4.02
63,2.64
63,3.59
63,1.60
63,1.29
63,2.23
63,3.12
63,6.04
63,3.47
63,3.60
63,2.54
62,2.30
62,2.42
62,1.92
62,0.72
62,2.20
62,1.11
62,3.20
62,1.15
62,2.00
62,5.63
61,3.00
61,5.61
61,5.62
61,4.40
61,2.50
61,0.82
61,5.11
61,5.74
61,1.80
61,4.82
60,5.10
60,2.14
60,9.00
60,2.32
60,3.76
60,6.30
60,3.23
60,6.83
60,2.50
60,1.88
59,7.40
59,1.23
59,0.72
59,7.48
59,5.64
59,4.33
59,4.08
59,1.81
59,2.03
59,5.72
58,0.74
58,1.15
58,0.96
58,1.45
58,2.30
58,2.44
58,2.49
58,8.19
58,0.86
58,0.83
57,3.59
57,5.79
57,7.92
57,2.16
57,1.56
57,4.18
57,3.29
57,1.68
57,5.76
57,2.14
56,1.69
56,4.65
56,3.54
56,3.30
56,5.27
56,1.49
56,1.07
56,1.00
56,2.20
56,4.23
55,2.78
55,1.46
55,7.16
55,5.91
55,4.50
55,1.82
55,7.92
55,3.33
55,7.36
55,4.18
54,4.33
54,5.18
54,1.05
54,2.34
54,1.75
54,2.37
54,1.16
54,0.63
54,2.02
54,6.40
53,2.13
53,3.66
53,0.90
53,1.11
53,1.93
53,0.84
53,9.41
53,0.90
53,7.88
53,9.34
52,1.28
52,4.66
52,1.45
52,2.24
52,0.80
52,3.34
52,5.25
52,1.09
52,1.61
52,2.73
51,2.64
51,0.54
51,0.98
51,1.14
51,2.52
51,3.05
51,0.79
51,3.58
51,1.36
51,2.18
50,4.56
50,0.87
50,3.92
50,1.85
50,3.38
50,2.28
50,2.08
50,2.92
50,0.82
50,3.43
49,0.73
49,1.71
49,0.90
49,1.06
49,3.54
49,1.63
49,6.37
49,1.22
49,1.80
49,2.10
48,3.62
48,6.90
48,3.28
48,5.24
48,1.96
48,1.10
48,3.67
48,0.52
48,3.12
48,1.44
47,1.74
47,0.60
47,0.73
47,2.02
47,0.71
47,1.51
47,2.06
47,0.87
47,2.60
47,2.75
46,1.28
46,3.00
46,0.68
46,1.57
46,3.82
46,1.81
46,4.51
46,0.67
46,0.80
46,0.64
45,1.04
45,1.92
45,2.76
45,2.42
45,0.95
45,3.09
45,0.68
45,2.43
45,3.12
45,2.53
44,1.96
44,2.50
44,0.62
44,2.84
44,1.11
44,2.16
44,1.43
44,0.99
44,0.46
44,1.01
43,2.59
43,1.58
43,5.10
43,1.09
43,0.76
43,0.57
43,3.29
43,1.32
43,0.81
43,1.27
42,0.74
42,2.56
42,2.26
42,0.64
42,2.44
42,0.86
42,0.86
42,0.97
42,0.57
42,1.85
41,1.60
41,1.76
41,1.83
41,1.94
41,2.57
41,0.48
41,1.92
41,0.97
41,1.50
41,0.54
40,0.94
40,4.53
40,3.68
40,0.54
40,0.40
40,0.48
40,0.71
40,0.52
40,0.43
40,1.22
39,1.28
39,1.04
39,1.89
39,1.62
39,0.88
39,0.65
39,0.70
39,1.99
39,1.46
39,0.92
38,2.40
38,1.50
38,1.50
38,0.75
38,0.54
38,0.96
38,0.54
38,0.70
38,1.11
38,0.63
37,0.42
37,0.96
37,0.80
37,3.34
37,0.72
37,0.48
37,0.58
37,1.83
37,2.40
37,3.02
36,3.30
36,1.04
36,1.28
36,1.36
36,0.44
36,0.47
36,1.32
36,3.24
36,1.35
36,0.34
35,0.93
35,0.37
35,1.90
35,1.60
35,0.82
35,3.32
35,0.70
35,0.62
35,1.57
35,0.86
34,0.69
34,0.77
34,0.76
34,0.58
34,0.61
34,0.32
34,1.87
34,1.00
34,1.07
34,2.41
33,1.50
33,1.25
33,0.83
33,0.64
33,4.61
33,1.07
33,0.63
33,0.83
33,1.67
33,0.36
32,0.50
32,0.96
32,0.90
32,0.34
32,1.05
32,0.54
32,0.31
32,0.40
32,1.40
32,0.51
31,0.44
31,0.37
31,0.59
31,1.99
31,1.25
31,1.22
31,0.52
31,0.35
31,0.82
31,0.61
30,1.90
30,1.01
30,0.96
30,1.18
30,0.80
30,1.22
30,0.50
30,1.46
30,0.46
30,1.64
29,0.53
29,1.10
29,0.37
29,1.16
29,1.30
29,0.77
29,1.18
29,0.82
29,0.63
29,0.31
28,1.17
28,0.65
28,0.81
28,0.70
28,0.35
28,0.57
28,0.99
28,0.52
28,1.00
28,0.88
27,0.94
27,1.00
27,1.41
27,0.67
27,0.42
27,0.40
27,0.44
27,0.51
27,0.80
27,0.52
26,0.86
26,0.64
26,0.49
26,0.93
26,0.36
26,0.99
26,0.35
26,0.48
26,0.46
26,0.84
25,0.43
25,1.06
25,0.30
25,0.37
25,0.28
25,1.00
25,0.50
25,0.46
25,0.32
25,0.48
24,0.47
24,0.59
24,0.31
24,0.37
24,0.28
24,0.90
24,0.37
24,0.41
24,0.28
24,0.38
23,0.36
23,0.63
23,0.71
23,0.27
23,0.65
23,0.70
23,0.46
23,0.57
23,0.57
23,0.76
22,0.39
22,0.62
22,0.39
22,1.04
22,0.37
22,1.22
22,0.33
22,0.71
22,0.97
22,0.80
21,0.58
21,0.58
21,0.24
21,0.48
21,0.29
21,0.79
21,0.22
21,0.32
21,0.51
21,0.54
20,1.50
20,0.62
20,0.24
20,0.61
20,0.55
20,0.36
20,0.23
20,1.11
20,0.30
20,0.82
19,0.99
19,0.41
19,0.25
19,0.47
19,0.42
19,0.28
19,0.94
19,1.16
19,0.34
19,0.38
18,0.40
18,0.25
18,0.51
18,0.32
18,0.27
18,0.28
18,0.53
18,0.22
18,0.32
18,0.43
17,0.64
17,0.21
17,0.56
17,0.41
17,0.42
17,0.34
17,0.32
17,0.77
17,0.62
17,0.35
16,0.31
16,0.22
16,0.40
16,1.10
16,0.65
16,0.68
16,0.98
16,0.95
16,0.89
16,0.17
15,0.27
15,0.17
15,0.21
15,0.50
15,0.59
15,0.51
15,0.57
15,0.45
15,0.24
15,0.35
14,0.28
14,0.38
14,0.21
14,0.19
14,0.67
14,0.22
14,0.26
14,0.30
14,0.32
14,0.22
13,0.13
13,0.49
13,0.24
13,0.22
13,0.43
13,0.27
13,0.19
13,0.44
13,0.32
13,0.23
12,0.18
12,0.18
12,0.30
12,0.35
12,0.25
12,0.36
12,0.30
12,0.11
12,0.22
12,0.18
11,0.24
11,0.46
11,0.12
11,0.38
11,0.18
11,0.20
11,0.14
11,0.16
11,0.30
11,0.46
10,0.38
10,0.17
10,0.16
10,0.30
10,0.24
10,0.52
10,0.36
10,0.22
10,0.08
10,0.27
9,0.12
9,0.14
9,0.08
9,0.11
9,0.16
9,0.24
9,0.12
9,0.09
9,0.32
9,0.11
8,0.10
8,0.13
8,0.19
8,0.38
8,0.12
8,0.08
8,0.16
8,0.08
8,0.21
8,0.37
7,0.14
7,0.37
7,0.13
7,0.40
7,0.18
7,0.12
7,0.08
7,0.13
7,0.12
7,0.16
6,0.10
6,0.16
6,0.14
6,0.12
6,0.07
6,0.10
6,0.13
6,0.14
6,0.10
6,0.09
5,0.06
5,0.08
5,0.07
5,0.07
5,0.08
5,0.08
5,0.06
5,0.08
5,0.06
5,0.07
4,0.06
4,0.06
4,0.05
4,0.06
4,0.07
4,0.05
4,0.06
4,0.06
4,0.06
4,0.07
3,0.05
3,0.06
3,0.06
3,0.06
3,0.06
3,0.06
3,0.06
3,0.06
3,0.06
3,0.06
2,0.05
2,0.05
2,0.05
2,0.05
2,0.06
2,0.04
2,0.05
2,0.05
2,0.05
2,0.06
1,0.05
1,0.04
1,0.05
1,0.04
1,0.05
1,0.04
1,0.05
1,0.04
1,0.05
1,0.05
0,0.05
0,0.05
0,0.05
0,0.04
0,0.05
0,0.05
0,0.05
0,0.05
0,0.05
0,0.04
0,0.05
0,0.05
0,0.05
0,0.05
0,0.05
0,0.05
0,0.05
0,0.04
0,0.05
0,0.05
0,0.04
0,0.05
0,0.05
0,0.04
0,0.05
0,0.05
0,0.05
0,0.04
0,0.04
0,0.04
0,0.05
0,0.05
0,0.05
0,0.04
1,0.05
2,0.04
3,0.06
4,0.06
5,0.08
6,0.10
7,0.14
8,0.11
9,0.15
10,0.24
11,0.15
12,0.31
13,0.38
14,0.48
15,0.23
16,0.72
17,0.22
18,0.81
19,0.56
20,1.02
21,1.27
22,0.69
23,0.44
24,2.61
25,0.40
26,0.47
27,1.05
28,0.45
29,0.70
30,1.28
31,0.43
32,0.75
33,0.60
34,0.43
35,1.63
36,1.35
37,0.40
38,1.28
39,0.88
40,3.50
41,3.71
42,0.56
43,0.84
44,3.33
45,0.76
46,0.73
47,1.96
48,2.07
49,2.68
50,6.26
51,0.68
52,3.90
53,1.02
54,1.54
55,2.03
56,4.77
57,0.92
58,11.26
59,1.94
60,2.22
61,5.26
62,4.01
63,4.79
64,2.86
65,1.20
66,3.92
67,4.13
68,10.45
69,0.88
70,4.04
71,1.02
72,5.36
73,4.73
74,2.67
75,16.51
76,4.56
77,1.15
78,8.09
79,10.01
80,1.20
0,0.04
1,0.05
2,0.05
3,0.06
4,0.06
5,0.06
6,0.11
7,0.10
8,0.16
9,0.34
10,0.28
11,0.28
12,0.18
13,0.30
14,0.34
15,0.22
16,0.17
17,0.19
18,0.62
19,0.34
20,0.27
21,0.76
22,0.22
23,0.51
24,0.49
25,0.48
26,0.51
27,0.42
28,0.49
29,0.36
30,0.56
31,0.74
32,0.41
33,0.40
34,1.12
35,1.60
36,0.76
37,1.24
38,1.58
39,1.04
40,1.74
41,1.03
42,1.75
43,1.14
44,1.04
45,3.17
46,0.67
47,1.06
48,1.60
49,2.55
50,3.18
51,4.94
52,4.46
53,4.58
54,2.39
55,3.02
56,10.82
57,7.88
58,1.19
59,4.91
60,4.81
61,1.73
62,1.05
63,3.52
64,11.53
65,1.30
66,4.42
67,1.00
68,4.38
69,3.58
70,2.44
71,1.03
72,2.76
73,1.32
74,1.18
75,10.31
76,7.92
77,2.00
78,1.59
79,2.25
80,10.56
0,0.05
1,0.06
2,0.06
3,0.05
4,0.06
5,0.08
6,0.13
7,0.24
8,0.12
9,0.19
10,0.10
11,0.11
12,0.13
13,0.23
14,0.40
15,0.80
16,0.23
17,0.19
18,0.66
19,0.28
20,1.62
21,0.35
22,1.10
23,0.74
24,0.22
25,0.30
26,0.75
27,0.83
28,0.76
29,0.63
30,0.48
31,0.94
32,0.31
33,0.38
34,1.43
35,0.49
36,1.14
37,1.24
38,1.51
39,0.68
40,1.02
41,0.56
42,2.40
43,1.77
44,3.18
45,6.72
46,1.64
47,1.15
48,0.92
49,5.26
50,3.98
51,1.18
52,2.77
53,2.88
54,4.72
55,0.72
56,5.00
57,4.62
58,1.25
59,4.33
60,1.23
61,3.42
62,7.45
63,7.69
64,2.37
65,4.29
66,1.43
67,2.04
68,4.44
69,5.74
70,4.09
71,6.65
72,7.75
73,2.52
74,3.07
75,1.21
76,8.80
77,5.45
78,7.28
79,3.27
80,6.51
0,0.05
1,0.05
2,0.06
3,0.06
4,0.06
5,0.08
6,0.09
7,0.19
8,0.18
9,0.22
10,0.35
11,0.19
12,0.69
13,0.19
14,0.55
15,0.20
16,0.20
17,0.48
18,0.22
19,0.57
20,0.36
21,0.72
22,1.25
23,0.43
24,1.08
25,0.83
26,0.46
27,0.72
28,0.68
29,0.79
30,0.28
31,0.57
32,0.82
33,2.59
34,0.51
35,0.66
36,4.77
37,2.73
38,0.80
39,0.94
40,1.40
41,1.78
42,1.88
43,3.00
44,0.75
45,3.76
46,5.52
47,0.80
48,1.05
49,1.62
50,4.28
51,2.12
52,5.01
53,1.13
54,2.06
55,5.82
56,0.68
57,2.01
58,2.10
59,3.53
60,5.01
61,12.00
62,2.06
63,3.48
64,1.78
65,5.61
66,5.84
67,6.02
68,1.22
69,1.00
70,12.96
71,2.64
72,3.61
73,2.32
74,2.15
75,1.15
76,4.28
77,3.93
78,11.29
79,2.56
80,30.11
0,0.04
1,0.04
2,0.05
3,0.06
4,0.06
5,0.07
6,0.09
7,0.28
8,0.38
9,0.12
10,0.22
11,0.12
12,0.18
13,0.21
14,0.13
15,0.31
16,0.24
17,0.46
18,0.71
19,0.43
20,0.59
21,0.60
22,0.22
23,0.22
24,0.22
25,0.36
26,0.47
27,0.42
28,0.32
29,0.40
30,0.40
31,2.32
32,0.36
33,1.13
34,1.84
35,1.25
36,0.56
37,1.00
38,1.81
39,1.04
40,1.61
41,0.46
42,1.58
43,1.08
44,2.30
45,0.61
46,0.66
47,2.46
48,1.55
49,1.30
50,7.36
51,2.39
52,1.54
53,1.39
54,2.12
55,5.03
56,2.40
57,5.22
58,6.22
59,4.62
60,3.46
61,4.77
62,4.78
63,6.15
64,3.31
65,3.24
66,2.61
67,4.00
68,3.87
69,2.24
70,10.09
71,3.60
72,4.00
73,1.35
74,1.94
75,4.00
76,5.76
77,4.19
78,5.87
79,6.82
80,15.22
0,0.05
1,0.04
2,0.05
3,0.06
4,0.06
5,0.06
6,0.12
7,0.14
8,0.12
9,0.26
10,0.32
11,0.57
12,0.28
13,0.54
14,1.16
15,0.29
16,0.68
17,0.38
18,0.35
19,1.52
20,0.20
21,0.27
22,0.92
23,0.56
24,1.02
25,0.41
26,1.48
27,0.70
28,0.80
29,0.77
30,0.91
31,0.59
32,1.22
33,0.75
34,0.91
35,0.85
36,0.79
37,1.98
38,0.59
39,0.50
40,0.48
41,1.09
42,0.76
43,0.45
44,1.02
45,2.88
46,0.59
47,2.49
48,1.66
49,2.68
50,1.53
51,3.41
52,0.82
53,5.08
54,1.66
55,0.96
56,2.88
57,3.36
58,1.29
59,0.76
60,8.29
61,0.69
62,13.06
63,3.20
64,8.34
65,1.92
66,5.93
67,5.48
68,7.77
69,5.26
70,2.35
71,5.77
72,2.76
73,3.37
74,2.84
75,6.76
76,5.41
77,6.73
78,16.24
79,7.21
80,3.81
0,0.04
1,0.05
2,0.05
3,0.05
4,0.06
5,0.07
6,0.10
7,0.34
8,0.12
9,0.33
10,0.18
11,0.18
12,0.26
13,0.16
14,0.60
15,0.27
16,0.80
17,0.63
18,0.20
19,0.28
20,0.83
21,0.32
22,0.85
23,0.33
24,0.69
25,0.23
26,0.36
27,0.26
28,1.21
29,0.46
30,2.28
31,1.01
32,1.28
33,0.42
34,1.05
35,0.32
36,0.60
37,0.59
38,0.91
39,0.65
40,0.53
41,1.30
42,0.62
43,1.73
44,4.05
45,1.97
46,2.84
47,1.22
48,0.49
49,4.40
50,7.08
51,1.42
52,4.52
53,1.32
54,2.95
55,3.15
56,1.07
57,2.38
58,2.00
59,3.00
60,1.94
61,3.86
62,4.49
63,1.70
64,4.78
65,1.77
66,2.55
67,0.86
68,6.27
69,11.04
70,6.94
71,6.38
72,12.65
73,6.76
74,1.24
75,6.64
76,6.54
77,4.22
78,3.32
79,2.70
80,7.48
0,0.04
1,0.05
2,0.06
3,0.06
4,0.06
5,0.06
6,0.08
7,0.12
8,0.34
9,0.39
10,0.24
11,0.23
12,0.58
13,0.15
14,0.13
15,0.80
16,0.43
17,0.40
18,0.36
19,0.20
20,0.22
21,0.33
22,0.37
23,1.40
24,0.64
25,0.74
26,0.58
27,0.40
28,0.58
29,0.60
30,0.30
31,1.80
32,0.32
33,0.45
34,0.46
35,1.01
36,1.58
37,0.44
38,1.15
39,0.54
40,0.68
41,3.27
42,1.52
43,1.70
44,1.73
45,2.96
46,2.80
47,1.10
48,1.93
49,5.01
50,1.35
51,7.48
52,2.97
53,0.60
54,2.10
55,1.31
56,2.73
57,6.46
58,1.36
59,2.91
60,0.70
61,2.82
62,2.07
63,1.38
64,3.48
65,1.98
66,9.29
67,9.00
68,6.16
69,4.03
70,1.48
71,4.70
72,2.56
73,2.16
74,8.31
75,8.87
76,7.88
77,10.44
78,19.33
79,2.43
80,1.42
0,0.05
1,0.05
2,0.06
3,0.05
4,0.06
5,0.06
6,0.09
7,0.09
8,0.17
9,0.16
10,0.27
11,0.11
12,0.72
13,0.13
14,0.33
15,0.33
16,0.38
17,0.50
18,0.51
19,0.36
20,0.25
21,0.78
22,0.44
23,0.40
24,0.54
25,0.61
26,0.39
27,0.49
28,0.44
29,0.60
30,0.61
31,1.89
32,1.38
33,0.39
34,0.39
35,2.38
36,0.43
37,1.48
38,1.38
39,0.63
40,0.36
41,1.17
42,1.52
43,0.50
44,3.32
45,0.43
46,2.79
47,5.95
48,5.24
49,1.97
50,1.07
51,0.57
52,1.20
53,1.82
54,1.05
55,3.78
56,2.37
57,1.09
58,4.62
59,2.26
60,4.68
61,4.38
62,0.98
63,2.33
64,4.07
65,2.80
66,2.73
67,1.58
68,1.64
69,4.70
70,2.94
71,7.82
72,6.73
73,5.79
74,1.03
75,6.88
76,3.40
77,4.65
78,8.98
79,4.22
80,8.40
0,0.04
1,0.05
2,0.05
3,0.06
4,0.06
5,0.07
6,0.12
7,0.14
8,0.16
9,0.17
10,0.44
11,0.17
12,0.13
13,0.23
14,0.18
15,0.64
16,1.36
17,0.43
18,0.26
19,0.69
20,0.75
21,0.79
22,0.54
23,0.33
24,0.50
25,0.23
26,0.45
27,0.50
28,1.19
29,0.28
30,0.94
31,0.62
32,0.99
33,0.52
34,0.48
35,0.64
36,1.00
37,0.94
38,3.11
39,1.10
40,1.08
41,8.76
42,0.76
43,2.18
44,0.70
45,3.04
46,5.05
47,3.82
48,0.81
49,2.68
50,2.72
51,1.65
52,2.56
53,4.92
54,1.31
55,4.98
56,6.59
57,5.15
58,3.07
59,3.65
60,2.36
61,1.62
62,12.98
63,3.52
64,4.00
65,2.26
66,2.52
67,8.71
68,3.46
69,1.60
70,1.86
71,4.97
72,4.63
73,4.29
74,2.19
75,13.11
76,1.62
77,14.98
78,0.95
79,1.15
80,2.49
0,0.04
1,0.05
2,0.05
3,0.06
4,0.06
5,0.06
6,0.09
7,0.11
8,0.13
9,0.12
10,0.21
11,0.18
12,0.39
13,0.34
14,0.21
15,0.42
16,0.39
17,0.26
18,0.62
19,0.42
20,0.74
21,0.85
22,0.45
23,0.47
24,0.28
25,0.52
26,0.48
27,0.94
28,1.28
29,0.90
30,0.54
31,0.72
32,0.30
33,0.64
34,1.92
35,1.40
36,0.61
37,3.58
38,0.76
39,0.96
40,0.76
41,2.03
42,0.86
43,1.98
44,0.87
45,5.58
46,1.56
47,2.06
48,3.44
49,2.65
50,3.15
51,2.38
52,2.82
53,2.75
54,1.63
55,2.46
56,1.06
57,1.44
58,2.37
59,2.82
60,2.31
61,3.00
62,11.59
63,1.37
64,7.68
65,9.89
66,4.86
67,2.10
68,4.80
69,1.53
70,0.87
71,0.88
72,6.35
73,1.18
74,1.48
75,4.28
76,20.04
77,4.11
78,5.78
79,2.30
80,6.46
0,0.05
1,0.05
2,0.05
3,0.05
4,0.06
5,0.07
6,0.13
7,0.20
8,0.16
9,0.09
10,0.33
11,0.13
12,0.56
13,0.15
14,0.64
15,0.21
16,0.58
17,0.50
18,0.23
19,0.22
20,0.38
21,0.39
22,0.24
23,0.46
24,0.56
25,0.86
26,0.32
27,0.84
28,0.42
29,1.00
30,1.76
31,0.59
32,0.68
33,1.21
34,0.88
35,0.92
36,0.97
37,2.53
38,0.56
39,0.39
40,1.06
41,2.89
42,2.19
43,0.96
44,0.86
45,0.55
46,1.54
47,0.99
48,5.00
49,1.27
50,1.09
51,5.33
52,1.67
53,0.74
54,3.03
55,1.03
56,1.34
57,1.03
58,2.36
59,4.03
60,3.35
61,7.51
62,1.39
63,6.27
64,1.10
65,5.58
66,2.83
67,2.69
68,2.24
69,1.73
70,1.48
71,11.64
72,1.12
73,5.90
74,3.80
75,8.86
76,4.40
77,2.82
78,3.22
79,11.28
80,1.62
0,0.05
1,0.05
2,0.06
3,0.05
4,0.06
5,0.07
6,0.14
7,0.09
8,0.10
9,0.27
10,0.15
11,0.09
12,0.34
13,0.13
14,0.29
15,0.37
16,0.34
17,0.28
18,0.44
19,0.42
20,0.61
21,0.49
22,0.66
23,1.14
24,0.59
25,0.36
26,0.28
27,0.59
28,0.28
29,1.00
30,0.80
31,0.75
32,0.35
33,0.52
34,2.48
35,1.31
36,2.38
37,2.52
38,0.83
39,1.59
40,2.09
41,1.96
42,2.07
43,0.61
44,1.97
45,1.91
46,3.39
47,2.65
48,0.72
49,1.69
50,1.79
51,1.97
52,5.87
53,4.22
54,1.89
55,1.81
56,5.38
57,3.74
58,1.99
59,2.85
60,2.20
61,3.53
62,3.11
63,9.66
64,1.31
65,4.28
66,2.45
67,3.89
68,3.51
69,10.80
70,3.74
71,8.56
72,5.38
73,4.37
74,10.04
75,2.09
76,1.94
77,3.74
78,3.17
79,1.94
80,6.53
0,0.04
1,0.05
2,0.05
3,0.06
4,0.06
5,0.07
6,0.11
7,0.20
8,0.14
9,0.21
10,0.23
11,0.18
12,0.12
13,0.14
14,0.19
15,0.22
16,1.08
17,0.22
18,0.32
19,0.36
20,0.25
21,0.26
22,0.86
23,0.52
24,0.51
25,0.29
26,0.30
27,0.27
28,0.70
29,0.67
30,0.73
31,0.63
32,0.36
33,1.07
34,1.54
35,1.37
36,1.07
37,0.76
38,1.56
39,1.43
40,1.73
41,1.34
42,0.80
43,5.28
44,0.43
45,1.27
46,1.01
47,1.53
48,1.14
49,3.62
50,1.18
51,2.97
52,2.96
53,1.94
54,1.37
55,2.66
56,2.52
57,5.20
58,1.33
59,2.48
60,1.39
61,2.57
62,3.63
63,3.93
64,4.68
65,2.20
66,1.55
67,1.00
68,1.42
69,5.50
70,3.56
71,2.17
72,1.31
73,5.94
74,2.64
75,8.62
76,3.46
77,11.29
78,12.69
79,5.72
80,5.84
0,0.04
1,0.05
2,0.05
3,0.06
4,0.06
5,0.07
6,0.09
7,0.09
8,0.20
9,0.09
10,0.28
11,0.34
12,0.34
13,0.63
14,0.63
15,0.79
16,0.60
17,0.21
18,0.30
19,0.80
20,0.29
21,0.34
22,0.71
23,0.22
24,0.59
25,0.48
26,0.50
27,0.41
28,0.50
29,0.61
30,1.47
31,0.66
32,0.68
33,1.37
34,0.70
35,0.55
36,0.86
37,0.65
38,0.48
39,0.98
40,0.55
41,8.77
42,0.61
43,1.28
44,4.98
45,6.21
46,1.20
47,3.36
48,1.63
49,5.74
50,1.44
51,3.06
52,1.54
53,4.64
54,1.26
55,1.47
56,4.06
57,1.52
58,1.37
59,3.37
60,5.00
61,1.97
62,2.68
63,6.00
64,5.80
65,1.89
66,2.08
67,9.16
68,3.45
69,1.18
70,2.40
71,1.03
72,1.68
73,3.46
74,3.20
75,2.33
76,2.94
77,1.91
78,2.87
79,1.40
80,4.88
0,0.05
1,0.05
2,0.05
3,0.05
4,0.06
5,0.06
6,0.12
7,0.22
8,0.26
9,0.24
10,0.14
11,0.14
12,0.61
13,0.26
14,0.22
15,0.34
16,0.31
17,0.26
18,0.30
19,1.34
20,0.21
21,0.53
22,0.38
23,0.28
24,0.38
25,0.43
26,0.24
27,0.37
28,1.50
29,0.37
30,1.59
31,0.98
32,0.66
33,0.39
34,3.06
35,0.55
36,0.84
37,2.44
38,2.44
39,0.90
40,1.29
41,1.26
42,1.56
43,2.44
44,3.61
45,0.77
46,1.13
47,3.64
48,1.74
49,0.57
50,4.79
51,1.70
52,2.21
53,0.87
54,8.27
55,2.94
56,1.90
57,2.22
58,4.35
59,0.70
60,1.98
61,2.93
62,4.46
63,5.12
64,2.39
65,1.34
66,1.05
67,2.11
68,7.06
69,2.24
70,6.66
71,3.64
72,5.25
73,3.74
74,3.28
75,4.84
76,4.56
77,3.36
78,8.22
79,11.02
80,1.56
0,0.04
1,0.05
2,0.05
3,0.06
4,0.06
5,0.06
6,0.11
7,0.11
8,0.12
9,0.14
10,0.13
11,0.13
12,0.38
13,0.47
14,0.51
15,0.15
16,0.20
17,0.37
18,0.22
19,0.29
20,0.31
21,0.25
22,0.40
23,0.71
24,0.44
25,1.66
26,1.28
27,0.79
28,0.32
29,0.84
30,0.99
31,0.51
32,1.35
33,1.25
34,0.40
35,0.83
36,0.93
37,0.56
38,0.85
39,0.87
40,2.19
41,0.84
42,1.27
43,0.89
44,0.98
45,1.22
46,2.50
47,0.49
48,3.78
49,1.26
50,5.94
51,1.78
52,1.73
53,3.92
54,1.52
55,1.05
56,1.09
57,3.88
58,2.90
59,2.04
60,1.89
61,2.52
62,1.49
63,9.10
64,2.98
65,1.51
66,4.21
67,1.22
68,2.72
69,2.96
70,1.00
71,5.52
72,2.27
73,5.08
74,3.70
75,8.76
76,1.48
77,1.74
78,1.40
79,4.35
80,6.61
0,0.04
1,0.04
2,0.05
3,0.05
4,0.06
5,0.07
6,0.09
7,0.13
8,0.32
9,0.32
10,0.28
11,0.15
12,0.13
13,0.12
14,0.13
15,0.26
16,0.49
17,0.19
18,0.36
19,0.55
20,0.61
21,0.28
22,0.41
23,0.22
24,0.24
25,0.41
26,0.48
27,0.51
28,0.46
29,0.45
30,0.45
31,0.52
32,1.07
33,1.04
34,0.91
35,1.35
36,0.42
37,5.60
38,0.70
39,0.70
40,0.64
41,1.54
42,2.16
43,0.88
44,2.79
45,2.69
46,2.86
47,1.55
48,4.36
49,3.48
50,4.50
51,4.00
52,0.64
53,1.45
54,4.77
55,5.85
56,2.51
57,0.77
58,4.57
59,1.21
60,2.38
61,4.09
62,2.20
63,8.28
64,3.83
65,2.63
66,4.08
67,3.92
68,5.21
69,9.94
70,3.98
71,3.74
72,1.04
73,8.00
74,2.47
75,6.80
76,9.38
77,2.83
78,4.28
79,5.94
80,2.65
0,0.04
1,0.05
2,0.05
3,0.05
4,0.06
5,0.06
6,0.12
7,0.12
8,0.30
9,0.15
10,0.24
11,0.39
12,0.47
13,0.11
14,0.19
15,0.29
16,0.19
17,0.21
18,0.36
19,0.53
20,1.10
21,0.51
22,0.89
23,1.09
24,0.78
25,0.54
26,0.32
27,0.33
28,1.21
29,0.36
30,0.33
31,0.55
32,2.57
33,0.56
34,2.15
35,0.57
36,2.94
37,1.16
38,1.06
39,4.99
40,3.22
41,0.59
42,3.48
43,0.95
44,0.93
45,2.31
46,4.25
47,0.78
48,0.57
49,4.30
50,4.80
51,2.33
52,5.50
53,1.65
54,2.66
55,5.25
56,6.44
57,1.08
58,2.99
59,2.43
60,1.01
61,2.38
62,1.56
63,0.78
64,0.86
65,1.34
66,4.02
67,3.56
68,1.24
69,2.24
70,4.83
71,7.23
72,2.99
73,3.35
74,4.16
75,3.08
76,9.49
77,4.53
78,1.44
79,2.73
80,8.46
0,0.05
1,0.05
2,0.05
3,0.06
4,0.06
5,0.07
6,0.08
7,0.14
8,0.11
9,0.12
10,0.54
11,0.61
12,0.66
13,0.44
14,0.31
15,0.34
16,0.28
17,0.21
18,0.22
19,0.19
20,0.56
21,0.22
22,0.56
23,0.43
24,0.43
25,0.29
26,0.26
27,0.31
28,0.75
29,0.42
30,1.28
31,0.55
32,0.62
33,0.93
34,0.44
35,1.14
36,1.13
37,0.60
38,2.35
39,1.46
40,2.54
41,0.67
42,1.98
43,1.08
44,1.36
45,4.76
46,1.08
47,1.26
48,1.90
49,2.19
50,2.12
51,1.54
52,1.62
53,1.75
54,1.34
55,1.49
56,1.38
57,0.92
58,0.92
59,4.50
60,14.55
61,0.80
62,5.19
63,6.71
64,1.69
65,1.96
66,6.28
67,1.21
68,4.16
69,11.01
70,4.56
71,1.81
72,3.30
73,4.50
74,1.54
75,4.98
76,4.98
77,2.94
78,8.96
79,4.53
80,8.57
0,0.04
1,0.05
2,0.05
3,0.06
4,0.07
5,0.06
6,0.12
7,0.23
8,0.12
9,0.11
10,0.46
11,0.16
12,0.31
13,0.51
14,0.15
15,0.34
16,0.64
17,0.16
18,0.20
19,0.27
20,0.60
21,0.95
22,0.73
23,0.21
24,0.49
25,0.54
26,1.40
27,1.60
28,0.64
29,1.04
30,0.91
31,0.47
32,0.76
33,1.72
34,1.46
35,1.45
36,1.08
37,0.42
38,2.34
39,0.39
40,1.14
41,1.66
42,1.64
43,2.37
44,0.65
45,1.97
46,1.74
47,0.81
48,2.56
49,1.36
50,0.51
51,1.56
52,3.85
53,4.24
54,1.72
55,1.94
56,2.16
57,6.40
58,6.71
59,2.32
60,10.14
61,4.09
62,1.96
63,8.48
64,1.46
65,0.98
66,1.25
67,4.23
68,7.42
69,5.79
70,5.60
71,8.38
72,4.42
73,8.38
74,5.04
75,2.21
76,6.24
77,1.10
78,7.78
79,7.82
80,5.92
0,0.04
1,0.05
2,0.04
3,0.05
4,0.06
5,0.08
6,0.18
7,0.26
8,0.10
9,0.10
10,0.11
11,0.12
12,0.66
13,0.19
14,0.14
15,0.36
16,0.39
17,0.28
18,0.33
19,0.28
20,0.34
21,0.30
22,0.22
23,0.66
24,0.31
25,0.66
26,0.45
27,0.38
28,0.51
29,0.65
30,0.33
31,2.49
32,0.35
33,0.68
34,1.10
35,1.73
36,0.98
37,1.45
38,0.81
39,1.05
40,7.21
41,1.42
42,0.60
43,1.77
44,0.46
45,2.95
46,1.51
47,2.42
48,3.01
49,3.18
50,5.34
51,1.61
52,4.58
53,2.48
54,3.14
55,1.66
56,3.55
57,2.15
58,1.71
59,4.94
60,2.36
61,5.57
62,0.89
63,5.06
64,1.81
65,2.97
66,1.67
67,5.42
68,3.08
69,2.44
70,3.46
71,3.34
72,1.82
73,2.20
74,2.48
75,3.13
76,2.40
77,12.42
78,16.54
79,2.56
80,5.98
0,0.05
1,0.04
2,0.05
3,0.06
4,0.05
5,0.07
6,0.11
7,0.21
8,0.14
9,0.08
10,0.14
11,0.19
12,0.12
13,0.42
14,0.31
15,0.33
16,0.29
17,0.45
18,1.06
19,0.22
20,0.23
21,0.72
22,0.36
23,1.04
24,0.94
25,0.41
26,0.31
27,0.54
28,0.30
29,1.01
30,0.55
31,0.61
32,2.18
33,0.80
34,1.23
35,0.43
36,0.54
37,0.69
38,1.95
39,1.70
40,1.78
41,0.45
42,1.32
43,2.23
44,0.76
45,0.68
46,1.75
47,3.74
48,4.75
49,0.80
50,7.94
51,2.29
52,1.32
53,2.57
54,4.07
55,7.22
56,4.48
57,8.84
58,6.24
59,5.54
60,4.15
61,4.25
62,1.78
63,6.19
64,1.32
65,2.44
66,6.35
67,8.60
68,2.00
69,3.99
70,1.14
71,2.41
72,15.04
73,1.12
74,3.19
75,1.60
76,5.10
77,6.02
78,10.26
79,4.44
80,5.46
0,0.05
1,0.05
2,0.06
3,0.06
4,0.06
5,0.08
6,0.17
7,0.18
8,0.22
9,0.10
10,0.16
11,0.14
12,0.22
13,0.23
14,1.26
15,0.69
16,0.32
17,0.19
18,0.22
19,0.36
20,0.43
21,0.23
22,1.05
23,0.80
24,1.28
25,0.62
26,0.70
27,0.58
28,0.58
29,0.55
30,0.74
31,0.61
32,0.38
33,0.34
34,0.52
35,0.56
36,0.81
37,0.50
38,0.98
39,1.11
40,3.69
41,2.38
42,4.09
43,3.90
44,1.46
45,1.15
46,3.44
47,1.30
48,2.94
49,5.85
50,1.02
51,0.71
52,3.97
53,0.73
54,5.02
55,3.60
56,1.43
57,2.65
58,30.18
59,0.69
60,1.24
61,0.87
62,4.52
63,6.06
64,2.82
65,7.38
66,1.47
67,6.00
68,2.94
69,9.43
70,1.04
71,4.59
72,10.84
73,3.64
74,4.29
75,1.17
76,1.13
77,9.11
78,6.54
79,1.42
80,4.89
0,0.06
1,0.05
2,0.04
3,0.05
4,0.06
5,0.08
6,0.10
7,0.14
8,0.31
9,0.35
10,0.17
11,0.20
12,0.58
13,0.18
14,0.25
15,0.24
16,0.40
17,0.20
18,0.32
19,0.88
20,1.60
21,0.35
22,0.39
23,0.25
24,0.47
25,0.41
26,0.27
27,0.35
28,0.42
29,0.67
30,0.82
31,2.93
32,0.93
33,1.06
34,0.92
35,2.38
36,0.52
37,1.03
38,0.75
39,1.35
40,4.30
41,0.97
42,0.79
43,1.90
44,1.40
45,1.04
46,2.61
47,1.28
48,2.72
49,0.67
50,1.78
51,2.48
52,4.92
53,5.85
54,2.44
55,7.71
56,4.63
57,0.70
58,2.91
59,1.50
60,4.09
61,5.03
62,4.30
63,2.06
64,6.28
65,4.73
66,2.58
67,1.88
68,5.44
69,3.36
70,5.70
71,2.18
72,3.92
73,2.40
74,3.39
75,5.14
76,7.14
77,15.50
78,7.70
79,12.12
80,6.34
0,0.05
1,0.05
2,0.06
3,0.06
4,0.06
5,0.07
6,0.11
7,0.30
8,0.18
9,0.32
10,0.19
11,0.28
12,0.30
13,0.30
14,0.28
15,0.91
16,0.58
17,0.17
18,0.33
19,0.40
20,0.56
21,0.57
22,0.46
23,0.87
24,1.37
25,0.40
26,0.34
27,0.35
28,1.95
29,0.95
30,2.01
31,1.10
32,1.88
33,0.30
34,0.62
35,1.05
36,0.34
37,2.00
38,0.70
39,0.40
40,0.54
41,3.08
42,4.17
43,0.59
44,2.99
45,0.78
46,2.76
47,1.19
48,2.46
49,4.43
50,4.81
51,3.26
52,2.03
53,1.72
54,2.77
55,3.42
56,3.72
57,2.73
58,8.20
59,1.23
60,1.58
61,1.43
62,0.77
63,3.78
64,5.18
65,6.00
66,1.78
67,1.81
68,3.77
69,0.98
70,1.13
71,1.04
72,5.80
73,7.12
74,13.62
75,5.31
76,8.29
77,4.17
78,4.90
79,11.07
80,11.46
0,0.05
1,0.05
2,0.05
3,0.05
4,0.07
5,0.06
6,0.12
7,0.13
8,0.34
9,0.23
10,0.15
11,0.12
12,0.44
13,0.13
14,0.24
15,0.50
16,0.25
17,0.21
18,0.32
19,1.02
20,0.22
21,0.74
22,0.42
23,0.34
24,0.96
25,2.07
26,0.48
27,0.44
28,0.58
29,0.69
30,0.40
31,0.56
32,0.56
33,0.98
34,0.76
35,0.64
36,0.87
37,2.15
38,2.42
39,1.05
40,0.47
41,0.61
42,3.44
43,1.30
44,2.56
45,3.57
46,5.37
47,0.82
48,2.40
49,3.08
50,3.69
51,1.97
52,5.78
53,8.41
54,1.08
55,0.79
56,2.10
57,1.30
58,3.25
59,7.73
60,3.02
61,1.49
62,3.04
63,2.36
64,5.73
65,4.76
66,8.02
67,2.57
68,2.85
69,2.69
70,1.27
71,2.96
72,6.49
73,1.80
74,1.53
75,14.64
76,15.00
77,2.87
78,2.77
79,3.32
80,12.39
0,0.05
1,0.04
2,0.05
3,0.05
4,0.06
5,0.06
6,0.09
7,0.17
8,0.10
9,0.12
10,0.63
11,0.36
12,0.44
13,0.14
14,0.31
15,0.27
16,0.18
17,0.37
18,0.28
19,0.32
20,0.20
21,0.28
22,0.34
23,0.73
24,0.36
25,0.30
26,0.53
27,0.48
28,0.97
29,0.41
30,0.38
31,1.54
32,0.35
33,0.66
34,1.24
35,1.26
36,2.82
37,0.52
38,1.79
39,0.82
40,1.88
41,3.59
42,1.52
43,1.28
44,0.76
45,3.02
46,0.56
47,1.43
48,0.90
49,5.22
50,2.06
51,0.64
52,0.90
53,2.19
54,1.51
55,3.00
56,2.29
57,1.67
58,1.27
59,6.73
60,4.20
61,1.45
62,1.15
63,5.27
64,3.34
65,2.33
66,1.88
67,11.56
68,3.78
69,2.44
70,1.27
71,1.46
72,1.34
73,2.81
74,7.37
75,5.16
76,1.94
77,2.70
78,12.06
79,5.90
80,4.01
0,0.04
1,0.04
2,0.05
3,0.06
4,0.06
5,0.06
6,0.09
7,0.65
8,0.15
9,0.31
10,0.15
11,0.24
12,0.23
13,0.48
14,0.18
15,0.17
16,0.46
17,0.24
18,0.25
19,0.37
20,0.47
21,0.58
22,0.37
23,0.38
24,0.58
25,0.30
26,0.83
27,0.80
28,0.88
29,0.32
30,1.06
31,1.16
32,0.43
33,1.23
34,0.53
35,0.42
36,1.68
37,1.64
38,2.88
39,2.24
40,0.68
41,0.81
42,2.28
43,3.38
44,1.34
45,0.90
46,1.93
47,2.20
48,12.11
49,3.86
50,3.77
51,2.20
52,2.09
53,1.79
54,3.38
55,2.71
56,3.78
57,2.90
58,5.89
59,2.48
60,1.14
61,3.67
62,2.22
63,1.40
64,6.26
65,1.00
66,1.51
67,4.87
68,2.57
69,6.71
70,1.92
71,6.81
72,1.98
73,10.54
74,4.81
75,1.33
76,3.87
77,8.98
78,2.14
79,7.26
80,1.29
0,0.04
1,0.05
2,0.05
3,0.05
4,0.06
5,0.07
6,0.12
7,0.17
8,0.15
9,0.16
10,0.28
11,0.17
12,0.37
13,0.41
14,0.30
15,0.56
16,0.76
17,0.34
18,0.49
19,0.98
20,0.34
21,0.21
22,0.31
23,0.90
24,0.49
25,0.62
26,0.34
27,0.35
28,0.46
29,0.60
30,0.63
31,0.95
32,0.59
33,1.20
34,0.41
35,0.33
36,0.79
37,1.94
38,2.52
39,1.06
40,0.98
41,2.24
42,4.69
43,1.70
44,0.47
45,0.92
46,3.17
47,3.73
48,5.25
49,2.68
50,1.12
51,0.74
52,1.82
53,3.09
54,5.24
55,0.81
56,4.14
57,6.40
58,1.20
59,1.85
60,1.52
61,2.21
62,2.03
63,5.13
64,6.11
65,1.45
66,1.51
67,0.90
68,5.86
69,11.40
70,2.63
71,3.31
72,5.01
73,2.53
74,7.81
75,2.17
76,5.74
77,6.73
78,18.76
79,10.80
80,4.06
0,0.04
1,0.04
2,0.05
3,0.06
4,0.06
5,0.08
6,0.09
7,0.24
8,0.27
9,0.11
10,0.13
11,0.24
12,0.25
13,0.14
14,0.15
15,0.66
16,0.23
17,0.20
18,0.46
19,0.44
20,0.57
21,0.60
22,0.33
23,0.59
24,0.34
25,0.39
26,1.01
27,1.62
28,0.27
29,0.54
30,0.44
31,0.34
32,0.50
33,0.32
34,2.04
35,0.57
36,1.92
37,0.36
38,1.70
39,2.27
40,0.53
41,2.75
42,0.59
43,3.54
44,0.76
45,0.92
46,3.34
47,3.81
48,1.73
49,0.84
50,4.18
51,2.70
52,1.02
53,5.14
54,3.11
55,2.40
56,0.92
57,0.68
58,1.50
59,10.58
60,4.89
61,7.90
62,1.74
63,4.17
64,3.75
65,3.00
66,3.68
67,0.84
68,4.83
69,12.50
70,5.64
71,1.89
72,2.06
73,1.89
74,1.88
75,1.78
76,5.11
77,3.42
78,3.09
79,1.94
80,2.07
0,0.05
1,0.05
2,0.05
3,0.05
4,0.06
5,0.07
6,0.14
7,0.17
8,0.24
9,0.21
10,0.35
11,0.11
12,0.13
13,0.46
14,0.27
15,0.31
16,0.51
17,0.21
18,0.25
19,0.35
20,0.75
21,0.27
22,0.24
23,0.70
24,0.40
25,0.44
26,0.24
27,0.70
28,0.64
29,0.44
30,1.73
31,0.60
32,1.28
33,0.89
34,0.30
35,0.86
36,1.58
37,3.55
38,0.66
39,1.02
40,1.50
41,1.15
42,3.86
43,10.79
44,3.33
45,0.72
46,3.53
47,4.46
48,1.16
49,3.77
50,3.24
51,0.78
52,0.73
53,1.11
54,1.10
55,3.98
56,3.64
57,0.77
58,2.10
59,2.02
60,1.68
61,3.50
62,3.56
63,2.34
64,11.66
65,6.60
66,1.37
67,2.17
68,6.51
69,2.88
70,3.32
71,2.72
72,1.15
73,1.85
74,2.94
75,11.18
76,4.32
77,6.30
78,6.87
79,2.89
80,1.10
0,0.04
1,0.05
2,0.04
3,0.06
4,0.06
5,0.07
6,0.08
7,0.10
8,0.14
9,0.10
10,0.18
11,0.15
12,0.29
13,0.19
14,0.45
15,0.27
16,0.43
17,0.54
18,0.26
19,0.71
20,0.50
21,0.66
22,1.47
23,0.30
24,1.08
25,0.56
26,0.33
27,0.36
28,0.88
29,0.40
30,1.92
31,0.68
32,0.67
33,0.88
34,1.84
35,0.85
36,0.42
37,1.20
38,0.62
39,1.81
40,1.66
41,0.48
42,1.21
43,7.10
44,0.95
45,1.40
46,4.13
47,0.60
48,2.55
49,1.42
50,0.65
51,2.24
52,1.86
53,1.87
54,3.41
55,2.52
56,3.64
57,1.80
58,2.54
59,6.01
60,1.65
61,4.00
62,3.46
63,1.14
64,2.54
65,1.18
66,6.29
67,1.96
68,3.38
69,10.18
70,0.87
71,9.63
72,1.19
73,2.30
74,5.66
75,1.84
76,2.35
77,7.06
78,4.27
79,3.27
80,1.08
0,0.05
1,0.05
2,0.06
3,0.05
4,0.06
5,0.07
6,0.11
7,0.12
8,0.08
9,0.19
10,0.15
11,0.56
12,0.28
13,0.38
14,0.24
15,0.82
16,0.32
17,0.40
18,0.18
19,0.35
20,0.44
21,0.24
22,0.26
23,0.37
24,0.24
25,0.35
26,1.71
27,0.52
28,0.33
29,1.38
30,1.51
31,0.48
32,0.43
33,0.56
34,0.32
35,1.08
36,2.60
37,0.81
38,0.43
39,0.68
40,1.30
41,2.08
42,0.46
43,3.54
44,4.46
45,3.94
46,3.58
47,2.98
48,1.35
49,1.27
50,2.06
51,1.48
52,1.19
53,3.90
54,5.22
55,1.97
56,2.33
57,0.78
58,1.73
59,7.19
60,4.34
61,1.38
62,5.12
63,0.90
64,4.54
65,1.74
66,2.90
67,3.22
68,5.16
69,1.74
70,10.11
71,5.70
72,1.36
73,2.95
74,3.42
75,9.99
76,10.20
77,2.12
78,1.51
79,2.54
80,9.04
0,0.05
1,0.05
2,0.05
3,0.06
4,0.06
5,0.06
6,0.14
7,0.18
8,0.17
9,0.12
10,0.32
11,0.50
12,0.18
13,0.12
14,0.17
15,0.22
16,0.17
17,0.36
18,0.22
19,0.19
20,0.29
21,0.19
22,0.90
23,0.22
24,1.34
25,0.50
26,0.33
27,0.98
28,0.95
29,0.47
30,0.76
31,0.75
32,0.96
33,0.79
34,1.53
35,0.57
36,1.02
37,5.01
38,1.68
39,0.45
40,0.42
41,7.32
42,6.09
43,3.39
44,3.40
45,1.32
46,1.78
47,4.66
48,4.64
49,3.12
50,7.54
51,0.80
52,2.48
53,2.06
54,2.37
55,1.11
56,4.38
57,2.04
58,2.98
59,3.12
60,3.52
61,0.93
62,4.08
63,1.34
64,7.60
65,2.16
66,5.22
67,6.84
68,1.94
69,2.33
70,3.35
71,5.81
72,5.59
73,9.95
74,2.36
75,4.25
76,4.00
77,1.42
78,3.51
79,2.71
80,4.51
0,0.05
1,0.04
2,0.05
3,0.05
4,0.06
5,0.06
6,0.10
7,0.09
8,0.33
9,0.37
10,0.13
11,0.31
12,0.19
13,0.33
14,0.21
15,0.31
16,0.39
17,0.83
18,0.45
19,0.28
20,0.58
21,0.50
22,1.05
23,0.52
24,0.28
25,0.63
26,0.65
27,0.28
28,0.86
29,1.35
30,0.45
31,0.59
32,1.00
33,0.40
34,1.26
35,0.96
36,0.59
37,0.64
38,0.98
39,1.77
40,0.55
41,2.95
42,0.82
43,0.81
44,0.47
45,3.64
46,1.63
47,2.46
48,0.67
49,6.44
50,0.67
51,9.80
52,2.04
53,1.70
54,3.08
55,2.69
56,3.64
57,3.39
58,5.70
59,1.68
60,2.54
61,0.83
62,1.15
63,2.88
64,3.81
65,2.61
66,1.50
67,1.26
68,3.50
69,2.30
70,2.28
71,16.74
72,6.73
73,3.20
74,8.75
75,1.89
76,10.02
77,2.59
78,2.21
79,5.30
80,6.62
0,0.05
1,0.05
2,0.05
3,0.06
4,0.06
5,0.07
6,0.11
7,0.36
8,0.08
9,0.09
10,0.14
11,0.32
12,0.39
13,0.30
14,0.16
15,0.58
16,0.35
17,1.47
18,0.18
19,0.52
20,0.31
21,0.22
22,0.82
23,0.58
24,0.56
25,0.33
26,1.10
27,0.45
28,0.79
29,0.55
30,0.32
31,0.29
32,0.92
33,0.40
34,0.72
35,0.75
36,0.41
37,0.45
38,0.92
39,1.09
40,0.90
41,1.52
42,1.21
43,1.67
44,1.61
45,1.86
46,3.31
47,3.36
48,1.04
49,1.02
50,4.04
51,0.52
52,3.28
53,0.58
54,0.84
55,4.86
56,0.75
57,1.22
58,4.30
59,1.27
60,5.05
61,4.12
62,3.82
63,2.16
64,1.75
65,1.94
66,5.70
67,3.74
68,5.60
69,9.28
70,1.50
71,2.82
72,5.09
73,1.62
74,5.62
75,3.42
76,1.96
77,1.27
78,1.39
79,4.05
80,2.82
0,0.05
1,0.05
2,0.04
3,0.06
4,0.06
5,0.08
6,0.12
7,0.40
8,0.46
9,0.14
10,0.16
11,0.22
12,0.60
13,0.59
14,0.36
15,0.26
16,0.39
17,0.39
18,0.30
19,0.20
20,0.23
21,0.32
22,0.36
23,0.52
24,0.61
25,0.34
26,0.27
27,0.32
28,0.76
29,0.49
30,0.68
31,0.44
32,1.64
33,1.10
34,0.44
35,0.34
36,0.96
37,0.70
38,1.91
39,0.98
40,0.54
41,1.32
42,0.84
43,0.62
44,7.14
45,4.20
46,1.95
47,4.99
48,5.88
49,3.67
50,0.88
51,1.00
52,0.85
53,1.45
54,2.14
55,10.27
56,6.28
57,7.16
58,1.42
59,1.26
60,1.78
61,1.84
62,3.48
63,5.89
64,6.98
65,7.35
66,4.47
67,1.55
68,2.00
69,0.94
70,1.21
71,5.44
72,10.35
73,2.52
74,1.50
75,10.63
76,5.80
77,4.08
78,2.96
79,3.14
80,3.02
0,0.04
1,0.03
2,0.05
3,0.05
4,0.06
5,0.07
6,0.11
7,0.20
8,0.46
9,0.19
10,0.42
11,0.19
12,0.28
13,0.34
14,0.18
15,0.49
16,0.20
17,0.30
18,0.23
19,0.66
20,0.40
21,0.22
22,0.40
23,0.65
24,0.22
25,1.27
26,1.28
27,0.58
28,0.70
29,0.86
30,0.33
31,1.06
32,0.68
33,0.93
34,0.46
35,0.92
36,0.90
37,5.36
38,1.66
39,0.90
40,1.65
41,1.80
42,1.62
43,0.62
44,1.93
45,0.52
46,0.84
47,1.52
48,2.04
49,2.74
50,1.86
51,1.03
52,3.24
53,3.64
54,0.70
55,2.26
56,3.08
57,4.00
58,3.02
59,5.40
60,2.15
61,3.08
62,6.19
63,5.37
64,5.76
65,0.86
66,1.63
67,9.97
68,13.40
69,2.10
70,1.77
71,5.64
72,6.36
73,4.59
74,6.54
75,13.43
76,4.17
77,4.96
78,2.34
79,26.28
80,5.61
0,0.04
1,0.05
2,0.05
3,0.06
4,0.06
5,0.07
6,0.08
7,0.15
8,0.08
9,0.10
10,0.16
11,0.40
12,0.22
13,0.34
14,0.50
15,0.21
16,0.87
17,0.24
18,0.52
19,0.28
20,0.56
21,1.80
22,0.22
23,0.42
24,0.38
25,0.42
26,0.66
27,0.37
28,0.62
29,0.29
30,0.45
31,0.47
32,0.54
33,1.08
34,0.39
35,0.73
36,2.03
37,0.39
38,0.54
39,1.10
40,0.52
41,1.65
42,2.10
43,0.75
44,2.01
45,2.63
46,1.69
47,1.18
48,0.90
49,7.46
50,0.76
51,2.69
52,1.92
53,2.38
54,0.68
55,2.89
56,2.24
57,3.52
58,2.39
59,1.75
60,4.48
61,4.83
62,3.33
63,3.88
64,2.91
65,3.35
66,1.49
67,1.00
68,15.92
69,1.36
70,2.95
71,5.05
72,3.62
73,6.57
74,5.56
75,7.60
76,2.70
77,2.84
78,11.86
79,8.17
80,5.89
0,0.05
1,0.04
2,0.05
3,0.05
4,0.06
5,0.09
6,0.08
7,0.32
8,0.58
9,0.18
10,0.22
11,0.19
12,0.51
13,0.20
14,0.89
15,0.15
16,0.47
17,0.45
18,0.19
19,0.28
20,0.47
21,0.78
22,0.22
23,0.26
24,0.36
25,0.89
26,0.83
27,0.36
28,0.68
29,0.86
30,0.64
31,0.96
32,0.32
33,0.37
34,0.48
35,0.94
36,0.61
37,3.98
38,1.74
39,0.40
40,4.57
41,1.13
42,0.68
43,0.51
44,2.04
45,1.43
46,0.89
47,2.90
48,5.07
49,1.52
50,0.82
51,1.87
52,2.00
53,0.60
54,8.56
55,3.25
56,7.40
57,4.81
58,1.10
59,2.41
60,0.96
61,5.00
62,1.44
63,1.66
64,1.67
65,8.13
66,2.16
67,7.29
68,5.54
69,3.26
70,1.43
71,4.04
72,1.34
73,1.28
74,14.77
75,7.42
76,1.28
77,15.18
78,2.24
79,9.02
80,2.52
0,0.05
1,0.05
2,0.04
3,0.06
4,0.06
5,0.06
6,0.15
7,0.18
8,0.16
9,0.18
10,0.20
11,0.17
12,0.17
13,0.21
14,0.44
15,0.32
16,0.38
17,0.52
18,0.20
19,0.26
20,0.36
21,0.46
22,0.96
23,0.26
24,0.72
25,0.31
26,0.38
27,0.91
28,1.23
29,0.71
30,1.07
31,1.27
32,0.32
33,0.84
34,0.56
35,0.72
36,1.34
37,1.31
38,1.78
39,1.48
40,0.83
41,2.48
42,1.45
43,0.98
44,1.26
45,0.57
46,0.98
47,1.17
48,0.82
49,0.86
50,0.87
51,0.65
52,1.31
53,2.23
54,1.94
55,0.95
56,3.16
57,4.59
58,6.07
59,1.36
60,2.12
61,3.90
62,1.71
63,8.15
64,7.44
65,4.70
66,8.30
67,2.44
68,4.97
69,2.38
70,3.50
71,1.18
72,0.98
73,3.16
74,6.24
75,1.85
76,1.93
77,9.65
78,3.67
79,2.63
80,6.19
0,0.05
1,0.05
2,0.05
3,0.05
4,0.05
5,0.06
6,0.09
7,0.19
8,0.10
9,0.32
10,0.12
11,0.19
12,1.03
13,0.45
14,0.35
15,0.87
16,0.22
17,0.22
18,0.53
19,0.42
20,0.26
21,0.58
22,0.40
23,0.99
24,0.37
25,0.69
26,0.26
27,0.32
28,0.38
29,0.85
30,1.08
31,0.33
32,0.72
33,0.35
34,0.62
35,1.03
36,1.54
37,1.37
38,1.84
39,0.97
40,0.58
41,3.93
42,0.43
43,1.39
44,3.00
45,1.27
46,0.94
47,1.30
48,0.74
49,2.19
50,2.05
51,0.56
52,0.66
53,1.13
54,3.72
55,8.58
56,3.98
57,2.05
58,3.57
59,1.19
60,1.08
61,3.55
62,3.42
63,4.20
64,1.69
65,5.65
66,9.09
67,7.30
68,1.24
69,1.00
70,3.28
71,2.94
72,3.81
73,2.38
74,6.60
75,10.72
76,3.49
77,1.12
78,5.70
79,2.16
80,3.72
0,0.05
1,0.05
2,0.06
3,0.06
4,0.06
5,0.07
6,0.09
7,0.22
8,0.13
9,0.20
10,0.54
11,0.18
12,0.24
13,0.37
14,0.15
15,0.21
16,0.29
17,0.34
18,0.30
19,0.37
20,0.54
21,0.47
22,0.49
23,0.58
24,0.39
25,0.29
26,1.10
27,0.88
28,1.34
29,0.84
30,0.36
31,0.51
32,1.20
33,0.78
34,0.31
35,0.32
36,1.32
37,0.62
38,0.37
39,0.90
40,0.72
41,3.85
42,2.53
43,1.65
44,1.39
45,2.42
46,1.18
47,2.55
48,0.78
49,2.85
50,1.23
51,4.36
52,1.96
53,0.98
54,2.51
55,0.93
56,1.40
57,1.84
58,3.66
59,3.73
60,2.27
61,3.69
62,2.08
63,5.20
64,1.88
65,0.78
66,6.20
67,9.71
68,1.44
69,3.48
70,0.87
71,5.89
72,3.94
73,2.86
74,17.68
75,3.30
76,3.97
77,1.51
78,3.68
79,1.69
80,3.98
0,0.04
1,0.05
2,0.05
3,0.06
4,0.06
5,0.06
6,0.14
7,0.19
8,0.12
9,0.22
10,0.14
11,0.57
12,0.29
13,0.28
14,0.21
15,0.54
16,0.27
17,0.23
18,0.21
19,0.18
20,0.35
21,0.40
22,0.93
23,0.26
24,2.41
25,0.60
26,0.24
27,0.30
28,0.60
29,0.36
30,0.90
31,0.56
32,0.36
33,0.44
34,0.62
35,0.55
36,0.39
37,1.79
38,2.58
39,1.96
40,0.65
41,1.52
42,1.62
43,1.63
44,4.23
45,3.50
46,1.78
47,3.22
48,2.46
49,1.36
50,4.90
51,2.44
52,0.75
53,2.43
54,1.45
55,4.46
56,5.39
57,5.19
58,1.56
59,2.02
60,0.90
61,3.14
62,3.85
63,7.42
64,1.58
65,4.35
66,1.97
67,9.85
68,2.92
69,5.46
70,1.90
71,2.96
72,1.82
73,3.33
74,1.10
75,3.36
76,8.62
77,1.58
78,5.71
79,8.34
80,1.34
0,0.05
1,0.05
2,0.05
3,0.06
4,0.06
5,0.07
6,0.10
7,0.11
8,0.09
9,0.37
10,0.09
11,0.13
12,0.15
13,0.14
14,0.70
15,0.52
16,0.69
17,0.37
18,0.32
19,0.40
20,0.19
21,0.24
22,0.21
23,0.51
24,0.24
25,0.59
26,0.65
27,1.02
28,0.42
29,0.29
30,2.06
31,1.18
32,0.62
33,1.26
34,0.75
35,0.81
36,1.68
37,2.77
38,2.34
39,0.82
40,2.09
41,0.61
42,0.87
43,1.92
44,0.61
45,1.98
46,1.96
47,2.77
48,0.63
49,2.88
50,0.92
51,4.16
52,0.56
53,1.63
54,4.41
55,1.97
56,3.50
57,3.44
58,1.36
59,1.85
60,4.85
61,4.31
62,3.19
63,1.63
64,7.28
65,0.77
66,3.92
67,1.74
68,3.28
69,3.29
70,3.97
71,4.02
72,3.57
73,1.43
74,5.64
75,5.10
76,4.42
77,2.35
78,14.91
79,5.23
80,1.74
0,0.05
1,0.04
2,0.04
3,0.05
4,0.06
5,0.07
6,0.10
7,0.28
8,0.24
9,0.15
10,0.16
11,0.18
12,0.31
13,0.17
14,0.32
15,0.47
16,0.26
17,0.20
18,1.19
19,0.30
20,0.58
21,0.27
22,0.25
23,0.31
24,0.29
25,0.54
26,1.06
27,0.92
28,1.00
29,0.84
30,0.26
31,0.34
32,0.97
33,1.44
34,0.90
35,0.54
36,0.59
37,0.65
38,1.88
39,1.60
40,0.94
41,0.96
42,2.94
43,0.90
44,0.46
45,2.30
46,2.04
47,2.12
48,1.29
49,1.51
50,1.62
51,2.00
52,1.92
53,5.75
54,3.34
55,1.03
56,7.22
57,4.79
58,1.21
59,5.92
60,3.29
61,1.30
62,1.99
63,0.94
64,1.67
65,6.54
66,1.55
67,6.05
68,1.63
69,1.81
70,2.22
71,3.26
72,2.55
73,1.38
74,3.38
75,2.16
76,2.50
77,4.29
78,1.76
79,1.12
80,8.47
0,0.05
1,0.05
2,0.05
3,0.06
4,0.06
5,0.08
6,0.10
7,0.16
8,0.11
9,0.22
10,0.23
11,0.30
12,0.24
13,0.26
14,0.53
15,0.36
16,0.72
17,1.01
18,0.42
19,0.41
20,0.53
21,0.38
22,0.91
23,1.18
24,0.24
25,0.28
26,1.00
27,0.45
28,0.34
29,1.56
30,0.33
31,0.45
32,0.64
33,0.30
34,0.38
35,0.83
36,0.82
37,4.34
38,0.90
39,0.57
40,0.94
41,2.09
42,0.61
43,2.32
44,0.77
45,3.30
46,0.49
47,3.76
48,5.66
49,3.55
50,0.54
51,1.90
52,1.49
53,1.40
54,2.76
55,1.14
56,1.46
57,3.19
58,8.13
59,1.90
60,12.45
61,2.19
62,5.14
63,1.80
64,4.65
65,5.08
66,4.38
67,1.74
68,3.52
69,4.11
70,6.33
71,3.38
72,2.46
73,3.05
74,1.17
75,6.89
76,2.88
77,2.81
78,3.91
79,2.14
80,2.55
0,0.05
1,0.04
2,0.05
3,0.06
4,0.06
5,0.08
6,0.14
7,0.40
8,0.09
9,0.14
10,0.17
11,0.16
12,0.23
13,0.25
14,0.16
15,0.37
16,0.20
17,0.41
18,0.55
19,0.40
20,0.76
21,0.49
22,0.38
23,0.48
24,0.28
25,0.48
26,0.24
27,0.26
28,0.51
29,0.84
30,1.54
31,0.69
32,1.26
33,0.48
34,0.93
35,1.38
36,1.53
37,1.48
38,0.44
39,1.06
40,2.13
41,1.02
42,1.38
43,1.23
44,2.09
45,1.88
46,2.84
47,0.78
48,1.91
49,0.74
50,4.89
51,1.71
52,16.19
53,0.96
54,1.05
55,1.52
56,0.91
57,3.39
58,1.86
59,1.12
60,6.96
61,1.83
62,1.68
63,0.85
64,3.14
65,9.46
66,4.24
67,4.62
68,2.00
69,6.25
70,2.29
71,8.32
72,4.26
73,1.55
74,1.65
75,4.06
76,3.60
77,2.00
78,1.59
79,4.56
80,2.70
0,0.04
1,0.05
2,0.05
3,0.05
4,0.06
5,0.06
6,0.08
7,0.09
8,0.10
9,0.25
10,0.18
11,0.17
12,0.13
13,0.18
14,0.21
15,0.93
16,0.18
17,0.24
18,0.18
19,0.59
20,0.59
21,0.76
22,0.46
23,0.25
24,0.38
25,0.39
26,0.24
27,0.54
28,0.44
29,0.88
30,0.86
31,0.76
32,0.69
33,0.36
34,3.02
35,0.65
36,0.67
37,0.39
38,1.87
39,1.48
40,1.64
41,2.32
42,0.92
43,1.79
44,1.13
45,2.21
46,0.64
47,3.38
48,1.95
49,1.25
50,0.85
51,1.03
52,1.43
53,3.29
54,2.82
55,0.72
56,1.60
57,4.50
58,6.78
59,2.77
60,7.29
61,2.00
62,3.02
63,1.66
64,1.19
65,3.16
66,8.27
67,3.88
68,1.38
69,24.36
70,3.91
71,1.17
72,1.14
73,15.86
74,7.28
75,8.64
76,7.34
77,4.30
78,6.50
79,9.55
80,2.74
0,0.05
1,0.05
2,0.04
3,0.06
4,0.06
5,0.07
6,0.14
7,0.13
8,0.08
9,0.25
10,0.40
11,0.32
12,0.73
13,0.70
14,0.29
15,0.31
16,0.54
17,0.70
18,0.40
19,0.42
20,0.66
21,0.30
22,0.77
23,0.96
24,0.62
25,0.84
26,0.56
27,0.63
28,0.77
29,1.01
30,0.85
31,1.56
32,0.50
33,1.83
34,2.52
35,0.51
36,1.37
37,2.77
38,1.12
39,1.85
40,1.09
41,1.09
42,0.58
43,0.69
44,0.60
45,0.77
46,1.84
47,4.57
48,1.73
49,3.00
50,3.02
51,0.98
52,2.96
53,1.43
54,3.11
55,2.12
56,1.27
57,2.04
58,3.29
59,4.71
60,7.60
61,4.80
62,0.88
63,0.76
64,4.07
65,3.91
66,1.98
67,18.94
68,2.72
69,2.58
70,5.02
71,1.31
72,2.78
73,1.26
74,1.94
75,3.05
76,12.74
77,2.06
78,4.21
79,2.28
80,3.29
0,0.04
1,0.04
2,0.05
3,0.05
4,0.06
5,0.06
6,0.12
7,0.34
8,0.30
9,0.14
10,0.16
11,0.44
12,0.23
13,0.16
14,0.25
15,0.27
16,0.30
17,0.56
18,0.71
19,0.72
20,0.73
21,1.20
22,0.34
23,0.58
24,0.54
25,1.24
26,0.28
27,0.50
28,0.80
29,0.47
30,0.48
31,1.17
32,0.32
33,0.53
34,0.42
35,0.34
36,1.14
37,0.49
38,0.55
39,1.49
40,0.79
41,2.47
42,0.82
43,1.62
44,1.84
45,0.56
46,2.80
47,3.26
48,2.29
49,1.40
50,2.00
51,1.67
52,1.88
53,3.57
54,2.74
55,8.49
56,5.30
57,1.68
58,7.43
59,4.52
60,1.33
61,1.42
62,15.02
63,4.65
64,1.90
65,2.28
66,3.42
67,1.08
68,4.72
69,4.35
70,3.29
71,4.92
72,2.48
73,11.49
74,3.47
75,1.06
76,4.12
77,3.53
78,2.45
79,4.52
80,1.73
0,0.04
1,0.05
2,0.06
3,0.06
4,0.06
5,0.07
6,0.10
7,0.11
8,0.23
9,0.11
10,0.16
11,0.34
12,0.26
13,0.64
14,0.53
15,0.78
16,0.31
17,0.48
18,0.23
19,0.33
20,0.22
21,0.77
22,0.91
23,0.77
24,0.93
25,0.41
26,0.99
27,0.44
28,0.88
29,1.28
30,1.39
31,0.53
32,0.35
33,0.90
34,1.14
35,0.56
36,0.86
37,0.78
38,2.50
39,1.12
40,1.98
41,0.54
42,0.59
43,2.40
44,2.70
45,3.49
46,3.54
47,0.70
48,4.42
49,0.71
50,0.61
51,6.27
52,0.55
53,1.81
54,1.44
55,0.98
56,6.12
57,6.20
58,2.51
59,5.37
60,0.89
61,3.21
62,5.48
63,1.02
64,3.24
65,1.65
66,2.74
67,7.94
68,3.79
69,6.27
70,1.41
71,4.51
72,5.14
73,15.84
74,3.82
75,12.63
76,9.48
77,1.50
78,4.36
79,2.55
80,7.14
0,0.05
1,0.05
2,0.06
3,0.06
4,0.05
5,0.07
6,0.19
7,0.12
8,0.08
9,0.22
10,0.14
11,0.22
12,0.15
13,0.49
14,1.01
15,0.21
16,0.23
17,1.15
18,0.18
19,0.72
20,0.19
21,0.81
22,1.38
23,0.37
24,0.23
25,0.29
26,1.77
27,2.41
28,0.25
29,0.28
30,0.50
31,1.14
32,1.29
33,1.76
34,1.48
35,0.78
36,0.60
37,0.60
38,0.86
39,0.38
40,2.17
41,2.22
42,0.68
43,6.73
44,2.01
45,2.24
46,2.66
47,2.36
48,1.43
49,3.14
50,1.81
51,0.98
52,0.74
53,1.83
54,3.55
55,0.86
56,0.91
57,2.81
58,1.38
59,2.14
60,2.30
61,1.98
62,4.65
63,1.60
64,1.86
65,7.08
66,1.78
67,1.24
68,1.49
69,4.98
70,4.66
71,2.34
72,0.96
73,1.61
74,1.27
75,7.64
76,8.20
77,4.88
78,11.02
79,3.26
80,10.01
0,0.05
1,0.04
2,0.06
3,0.06
4,0.06
5,0.06
6,0.08
7,0.08
8,0.12
9,0.24
10,0.24
11,0.14
12,0.23
13,0.36
14,0.13
15,0.74
16,0.18
17,0.70
18,0.34
19,0.66
20,0.63
21,0.52
22,0.47
23,0.37
24,0.30
25,0.28
26,0.24
27,0.27
28,0.48
29,0.48
30,0.86
31,0.55
32,0.56
33,0.85
34,0.92
35,0.38
36,0.53
37,1.30
38,1.82
39,0.46
40,1.08
41,2.04
42,5.43
43,2.40
44,1.05
45,2.22
46,3.90
47,2.60
48,10.67
49,3.19
50,10.17
51,1.60
52,4.70
53,1.40
54,0.90
55,1.87
56,4.06
57,6.48
58,2.00
59,0.78
60,2.32
61,5.04
62,1.22
63,4.03
64,4.49
65,3.82
66,1.43
67,4.18
68,17.74
69,1.82
70,1.75
71,2.82
72,3.78
73,5.90
74,3.28
75,4.09
76,3.95
77,3.41
78,7.96
79,3.98
80,8.32
0,0.05
1,0.05
2,0.04
3,0.06
4,0.06
5,0.08
6,0.13
7,0.25
8,0.19
9,0.16
10,0.63
11,0.38
12,0.25
13,0.17
14,0.34
15,0.20
16,0.42
17,0.64
18,0.20
19,0.31
20,0.93
21,1.52
22,0.42
23,0.21
24,0.31
25,0.24
26,0.60
27,1.00
28,0.93
29,0.79
30,0.63
31,0.47
32,1.03
33,1.37
34,0.34
35,0.42
36,1.00
37,0.94
38,0.44
39,0.74
40,0.85
41,2.42
42,1.96
43,3.66
44,2.21
45,3.83
46,0.58
47,0.66
48,0.65
49,6.22
50,0.95
51,0.98
52,5.01
53,1.81
54,4.63
55,2.46
56,1.49
57,0.77
58,2.51
59,5.06
60,4.98
61,5.83
62,2.39
63,10.74
64,1.55
65,4.35
66,5.89
67,2.00
68,5.50
69,7.46
70,5.78
71,2.29
72,6.55
73,1.48
74,4.58
75,4.47
76,2.12
77,9.56
78,3.02
79,3.11
80,7.46
0,0.05
1,0.05
2,0.05
3,0.04
4,0.06
5,0.08
6,0.07
7,0.34
8,0.15
9,0.12
10,0.10
11,0.18
12,1.02
13,0.44
14,0.43
15,0.54
16,0.18
17,0.56
18,0.31
19,0.54
20,0.85
21,0.23
22,0.44
23,0.25
24,0.25
25,0.38
26,0.47
27,0.97
28,0.42
29,0.64
30,0.30
31,0.80
32,0.44
33,0.52
34,0.71
35,0.58
36,0.39
37,0.59
38,0.38
39,0.48
40,1.70
41,1.38
42,3.66
43,1.28
44,0.48
45,1.42
46,0.72
47,2.72
48,1.90
49,0.71
50,6.64
51,0.81
52,3.93
53,2.03
54,4.76
55,3.66
56,1.27
57,0.88
58,3.41
59,7.65
60,1.11
61,6.54
62,1.80
63,0.78
64,1.70
65,1.62
66,2.83
67,5.37
68,5.40
69,1.10
70,5.04
71,2.16
72,1.79
73,6.19
74,3.52
75,1.97
76,3.12
77,8.08
78,4.14
79,2.67
80,2.75
0,0.04
1,0.05
2,0.05
3,0.06
4,0.06
5,0.07
6,0.10
7,0.09
8,0.11
9,0.23
10,0.15
11,0.17
12,0.18
13,0.22
14,0.68
15,0.82
16,0.40
17,0.24
18,1.00
19,0.20
20,0.22
21,0.20
22,0.62
23,0.51
24,0.65
25,1.09
26,0.56
27,1.02
28,0.34
29,0.45
30,0.32
31,0.58
32,0.29
33,1.22
34,0.69
35,1.04
36,0.98
37,1.13
38,1.25
39,0.98
40,0.91
41,3.29
42,0.56
43,3.17
44,3.63
45,0.89
46,1.50
47,1.09
48,5.05
49,5.79
50,2.08
51,1.49
52,1.80
53,0.95
54,1.33
55,4.04
56,6.18
57,0.87
58,4.24
59,4.28
60,4.13
61,4.85
62,7.98
63,2.12
64,4.66
65,2.94
66,1.09
67,5.90
68,4.65
69,3.46
70,2.94
71,3.26
72,2.99
73,7.55
74,9.82
75,2.71
76,1.22
77,4.05
78,5.11
79,7.80
80,3.73
0,0.04
1,0.05
2,0.05
3,0.06
4,0.06
5,0.07
6,0.14
7,0.19
8,0.24
9,0.13
10,0.70
11,0.14
12,0.14
13,0.22
14,0.40
15,0.34
16,0.84
17,0.20
18,0.42
19,0.24
20,1.15
21,0.58
22,0.33
23,0.30
24,0.24
25,0.60
26,1.29
27,0.69
28,1.91
29,0.32
30,0.44
31,0.50
32,0.66
33,1.39
34,1.04
35,0.66
36,0.48
37,2.11
38,0.51
39,1.47
40,0.91
41,0.61
42,2.77
43,0.84
44,2.28
45,0.76
46,0.76
47,1.78
48,2.25
49,2.58
50,1.84
51,1.00
52,3.21
53,3.88
54,1.30
55,1.47
56,2.96
57,3.82
58,4.20
59,7.56
60,4.83
61,2.94
62,2.58
63,2.57
64,0.96
65,3.96
66,2.05
67,1.43
68,3.37
69,3.85
70,0.92
71,3.38
72,1.34
73,1.71
74,4.23
75,1.82
76,3.72
77,1.22
78,1.88
79,11.26
80,7.44
0,0.05
1,0.04
2,0.05
3,0.06
4,0.06
5,0.07
6,0.10
7,0.17
8,0.40
9,0.39
10,0.35
11,0.12
12,0.18
13,0.16
14,0.30
15,0.26
16,0.24
17,0.44
18,0.26
19,1.06
20,0.45
21,0.31
22,0.25
23,0.26
24,0.23
25,0.50
26,0.68
27,2.30
28,1.08
29,1.51
30,0.58
31,0.52
32,0.33
33,0.39
34,1.91
35,0.36
36,1.24
37,0.89
38,1.72
39,1.05
40,0.76
41,4.75
42,0.85
43,1.68
44,1.81
45,1.56
46,2.84
47,1.14
48,0.53
49,1.29
50,0.80
51,5.06
52,2.37
53,1.24
54,9.52
55,2.82
56,1.47
57,1.47
58,2.04
59,3.01
60,5.00
61,2.07
62,3.59
63,2.01
64,2.41
65,3.78
66,8.20
67,4.30
68,1.44
69,4.64
70,5.61
71,3.05
72,2.03
73,2.17
74,2.92
75,1.28
76,7.38
77,2.78
78,9.50
79,2.32
80,4.46
0,0.05
1,0.05
2,0.05
3,0.06
4,0.06
5,0.08
6,0.10
7,0.12
8,0.20
9,0.16
10,0.21
11,0.21
12,0.15
13,0.43
14,0.25
15,0.22
16,0.18
17,0.21
18,0.34
19,0.33
20,0.64
21,0.45
22,1.26
23,0.87
24,0.80
25,0.48
26,0.50
27,0.90
28,0.44
29,0.35
30,2.02
31,0.77
32,0.69
33,0.53
34,0.73
35,0.50
36,1.76
37,0.35
38,0.34
39,0.58
40,0.45
41,1.78
42,0.86
43,1.17
44,2.86
45,2.24
46,0.72
47,0.92
48,1.19
49,1.66
50,1.79
51,9.48
52,0.76
53,1.60
54,6.04
55,6.55
56,1.69
57,1.28
58,7.33
59,1.96
60,1.64
61,11.20
62,3.60
63,7.89
64,3.46
65,3.16
66,2.49
67,1.04
68,3.40
69,1.16
70,1.22
71,2.66
72,11.57
73,7.18
74,1.56
75,4.25
76,1.32
77,1.98
78,1.44
79,1.16
80,4.36
0,0.04
1,0.05
2,0.04
3,0.06
4,0.06
5,0.07
6,0.13
7,0.08
8,0.09
9,0.29
10,0.19
11,0.30
12,0.13
13,1.42
14,0.36
15,0.32
16,0.29
17,0.25
18,0.21
19,0.20
20,0.58
21,0.30
22,0.43
23,0.37
24,0.22
25,0.34
26,0.51
27,0.25
28,0.90
29,0.28
30,0.48
31,0.77
32,0.36
33,0.79
34,1.00
35,1.54
36,1.37
37,0.85
38,1.57
39,1.61
40,1.92
41,1.96
42,1.43
43,2.78
44,3.03
45,1.40
46,0.84
47,2.96
48,0.59
49,2.21
50,0.89
51,2.62
52,10.40
53,1.92
54,3.36
55,10.25
56,0.97
57,5.59
58,0.79
59,1.42
60,1.25
61,2.37
62,2.09
63,1.32
64,1.58
65,6.11
66,5.38
67,1.59
68,3.63
69,7.92
70,1.37
71,6.70
72,1.35
73,4.67
74,7.77
75,4.28
76,9.05
77,6.39
78,2.82
79,4.58
80,6.36
0,0.05
1,0.04
2,0.06
3,0.06
4,0.06
5,0.06
6,0.11
7,0.14
8,0.12
9,0.11
10,0.10
11,0.10
12,0.18
13,0.23
14,0.18
15,0.25
16,0.70
17,0.51
18,0.27
19,0.80
20,0.46
21,0.80
22,0.48
23,0.27
24,0.41
25,0.42
26,0.48
27,0.38
28,0.37
29,0.56
30,0.58
31,0.37
32,0.78
33,0.84
34,0.60
35,0.64
36,1.19
37,1.50
38,1.03
39,1.38
40,0.95
41,0.84
42,2.80
43,1.45
44,0.56
45,4.79
46,2.06
47,3.42
48,1.25
49,1.52
50,1.45
51,0.68
52,4.26
53,2.05
54,2.05
55,1.72
56,1.47
57,2.55
58,3.07
59,6.47
60,8.07
61,2.59
62,2.08
63,1.66
64,3.37
65,1.32
66,8.90
67,4.03
68,1.55
69,8.47
70,2.69
71,3.42
72,12.00
73,5.87
74,5.44
75,1.39
76,9.49
77,4.14
78,10.46
79,4.66
80,1.82
0,0.04
1,0.05
2,0.06
3,0.06
4,0.06
5,0.08
6,0.08
7,0.08
8,0.15
9,0.12
10,0.12
11,0.42
12,0.61
13,0.13
14,0.28
15,0.32
16,0.44
17,0.20
18,0.22
19,0.44
20,0.57
21,1.50
22,0.52
23,0.32
24,0.31
25,0.27
26,0.27
27,1.06
28,1.89
29,0.57
30,0.81
31,1.71
32,0.33
33,0.46
34,1.43
35,0.90
36,1.42
37,1.84
38,2.80
39,1.45
40,0.40
41,2.18
42,0.90
43,0.46
44,0.71
45,0.95
46,3.93
47,1.03
48,2.74
49,2.88
50,1.55
51,0.80
52,0.81
53,1.81
54,3.27
55,1.14
56,1.61
57,7.05
58,3.60
59,3.57
60,0.87
61,2.21
62,1.75
63,8.14
64,5.69
65,6.57
66,1.04
67,3.34
68,3.31
69,3.92
70,3.21
71,3.72
72,4.04
73,6.28
74,4.76
75,9.20
76,1.21
77,4.18
78,3.43
79,5.94
80,2.01
0,0.05
1,0.05
2,0.05
3,0.06
4,0.06
5,0.06
6,0.11
7,0.13
8,0.20
9,0.56
10,0.20
11,0.19
12,0.34
13,0.22
14,0.34
15,0.30
16,1.30
17,0.19
18,0.70
19,0.27
20,0.21
21,1.04
22,0.33
23,0.56
24,0.38
25,0.73
26,0.30
27,0.28
28,0.45
29,0.33
30,0.30
31,0.72
32,0.97
33,0.94
34,0.38
35,0.45
36,1.02
37,1.54
38,0.35
39,0.70
40,1.83
41,1.84
42,1.15
43,5.38
44,0.85
45,0.74
46,3.15
47,2.04
48,0.59
49,1.74
50,2.02
51,1.98
52,3.32
53,0.90
54,4.30
55,5.42
56,3.62
57,4.57
58,3.58
59,2.42
60,0.79
61,5.02
62,2.72
63,15.85
64,3.27
65,3.84
66,2.27
67,5.41
68,9.64
69,9.26
70,5.46
71,1.23
72,1.60
73,7.05
74,1.25
75,14.88
76,1.20
77,1.65
78,3.64
79,14.41
80,5.26
0,0.04
1,0.04
2,0.06
3,0.05
4,0.06
5,0.06
6,0.15
7,0.18
8,0.10
9,0.21
10,0.14
11,0.11
12,0.18
13,0.12
14,0.16
15,0.52
16,0.38
17,0.18
18,0.31
19,0.49
20,0.84
21,0.28
22,0.21
23,0.52
24,0.56
25,1.10
26,2.51
27,0.36
28,0.85
29,0.45
30,1.29
31,1.42
32,0.32
33,0.78
34,0.34
35,0.63
36,2.23
37,1.08
38,0.91
39,1.23
40,1.37
41,1.20
42,1.52
43,1.80
44,1.07
45,0.77
46,4.88
47,3.36
48,1.27
49,1.51
50,2.17
51,1.36
52,2.00
53,3.01
54,1.15
55,1.30
56,4.22
57,5.05
58,1.54
59,0.73
60,2.79
61,6.98
62,1.77
63,2.16
64,3.38
65,1.27
66,4.39
67,2.56
68,3.14
69,5.54
70,5.80
71,1.33
72,2.99
73,2.90
74,3.39
75,7.51
76,5.53
77,4.91
78,3.68
79,4.85
80,11.12
0,0.05
1,0.05
2,0.06
3,0.06
4,0.06
5,0.06
6,0.11
7,0.10
8,0.18
9,0.17
10,0.20
11,0.18
12,0.35
13,0.64
14,0.41
15,0.52
16,1.00
17,0.40
18,0.64
19,0.68
20,0.25
21,0.76
22,1.48
23,1.46
24,0.40
25,0.40
26,0.40
27,0.59
28,0.50
29,0.43
30,0.88
31,1.27
32,0.38
33,1.06
34,0.70
35,0.45
36,1.54
37,0.38
38,0.88
39,0.38
40,0.93
41,0.77
42,0.74
43,1.64
44,2.42
45,0.94
46,0.74
47,0.74
48,0.53
49,3.76
50,0.86
51,6.88
52,0.92
53,3.05
54,3.33
55,1.56
56,1.09
57,5.57
58,3.62
59,5.07
60,1.70
61,1.86
62,3.80
63,5.94
64,3.37
65,6.32
66,1.29
67,9.08
68,0.81
69,3.86
70,1.45
71,9.26
72,1.02
73,2.28
74,3.02
75,12.63
76,5.60
77,10.12
78,1.29
79,4.67
80,11.83
0,0.05
1,0.05
2,0.05
3,0.06
4,0.06
5,0.08
6,0.08
7,0.11
8,0.10
9,0.33
10,0.47
11,0.51
12,0.14
13,0.23
14,0.16
15,0.15
16,0.46
17,0.16
18,0.58
19,0.27
20,0.85
21,0.76
22,0.36
23,0.30
24,0.37
25,0.66
26,1.09
27,0.52
28,0.68
29,0.88
30,0.64
31,0.66
32,0.55
33,0.66
34,1.22
35,0.90
36,1.99
37,0.51
38,0.58
39,0.61
40,1.59
41,0.57
42,1.84
43,1.71
44,0.51
45,1.75
46,2.83
47,0.94
48,0.53
49,1.34
50,4.15
51,2.00
52,1.02
53,1.82
54,1.59
55,1.56
56,3.30
57,0.90
58,1.71
59,5.51
60,2.24
61,4.85
62,1.98
63,1.87
64,7.12
65,10.78
66,2.89
67,0.89
68,2.07
69,8.76
70,2.37
71,2.89
72,3.10
73,1.46
74,11.15
75,6.43
76,2.11
77,8.43
78,1.71
79,11.97
80,2.62
0,0.05
1,0.05
2,0.05
3,0.06
4,0.06
5,0.07
6,0.18
7,0.11
8,0.10
9,0.13
10,0.58
11,0.31
12,0.14
13,0.21
14,0.26
15,0.49
16,0.92
17,0.53
18,0.20
19,0.45
20,0.32
21,0.51
22,0.80
23,0.53
24,0.24
25,0.58
26,0.38
27,0.51
28,0.44
29,1.10
30,0.60
31,0.78
32,0.73
33,0.81
34,1.16
35,0.68
36,0.96
37,0.98
38,0.95
39,1.23
40,2.21
41,0.83
42,5.23
43,1.79
44,0.82
45,4.54
46,3.29
47,1.81
48,1.59
49,2.23
50,4.02
51,3.71
52,2.98
53,6.30
54,1.22
55,0.62
56,2.51
57,3.66
58,0.78
59,1.99
60,2.32
61,4.85
62,6.70
63,1.79
64,2.62
65,2.26
66,1.36
67,6.41
68,2.16
69,1.77
70,8.28
71,4.03
72,4.84
73,1.26
74,1.26
75,3.69
76,1.98
77,8.09
78,7.96
79,2.32
80,2.19
0,0.05
1,0.04
2,0.05
3,0.05
4,0.06
5,0.08
6,0.16
7,0.14
8,0.21
9,0.28
10,0.18
11,0.30
12,0.28
13,0.16
14,0.18
15,0.53
16,0.36
17,0.55
18,0.24
19,1.02
20,0.47
21,0.73
22,0.39
23,2.28
24,0.39
25,0.27
26,0.31
27,0.42
28,0.76
29,1.37
30,0.48
31,0.30
32,0.30
33,0.38
34,0.62
35,0.82
36,0.51
37,0.57
38,2.47
39,0.68
40,3.00
41,2.57
42,1.29
43,2.63
44,3.02
45,0.82
46,6.76
47,3.61
48,3.48
49,1.48
50,1.69
51,1.70
52,3.53
53,0.87
54,1.24
55,7.28
56,1.45
57,1.96
58,1.97
59,1.28
60,0.70
61,7.23
62,12.14
63,10.26
64,4.55
65,2.90
66,1.08
67,6.99
68,0.87
69,17.45
70,4.54
71,0.86
72,11.56
73,3.18
74,2.76
75,16.48
76,12.51
77,4.54
78,2.64
79,2.29
80,3.15
0,0.05
1,0.04
2,0.05
3,0.05
4,0.06
5,0.07
6,0.11
7,0.08
8,0.08
9,0.26
10,0.11
11,0.27
12,0.28
13,0.40
14,0.16
15,0.28
16,0.26
17,0.21
18,1.25
19,0.28
20,0.24
21,0.27
22,0.66
23,0.97
24,0.41
25,0.42
26,0.58
27,0.35
28,0.86
29,0.82
30,0.32
31,0.97
32,2.04
33,0.66
34,0.36
35,0.63
36,0.62
37,1.12
38,0.86
39,0.65
40,1.54
41,1.12
42,3.39
43,2.90
44,2.00
45,5.98
46,1.90
47,1.78
48,3.71
49,1.70
50,1.97
51,2.40
52,3.76
53,2.02
54,1.24
55,2.66
56,1.37
57,0.85
58,1.26
59,1.30
60,3.12
61,5.29
62,5.47
63,5.26
64,3.74
65,5.28
66,3.40
67,4.86
68,4.33
69,2.52
70,2.87
71,7.63
72,4.70
73,1.43
74,3.34
75,6.16
76,2.95
77,3.54
78,1.29
79,10.45
80,7.36
0,0.05
1,0.05
2,0.05
3,0.06
4,0.06
5,0.07
6,0.07
7,0.17
8,0.10
9,0.12
10,0.18
11,0.36
12,0.12
13,0.16
14,0.73
15,0.16
16,0.38
17,0.23
18,0.42
19,0.55
20,0.65
21,0.31
22,0.46
23,0.24
24,0.56
25,0.44
26,1.49
27,0.34
28,1.34
29,0.77
30,0.54
31,0.98
32,0.32
33,1.27
34,0.60
35,0.37
36,1.30
37,0.38
38,0.55
39,0.44
40,1.52
41,1.08
42,1.72
43,2.35
44,1.69
45,0.89
46,2.29
47,1.15
48,6.22
49,0.83
50,0.92
51,0.73
52,1.18
53,2.46
54,1.36
55,1.44
56,1.36
57,0.76
58,1.50
59,5.32
60,0.85
61,3.25
62,1.93
63,4.68
64,5.69
65,0.82
66,3.52
67,3.53
68,2.93
69,4.96
70,1.84
71,6.57
72,1.54
73,4.32
74,1.24
75,4.66
76,2.42
77,5.74
78,1.44
79,6.19
80,8.48
0,0.05
1,0.05
2,0.05
3,0.06
4,0.06
5,0.07
6,0.10
7,0.13
8,0.20
9,0.13
10,0.10
11,0.16
12,0.40
13,0.42
14,0.22
15,0.44
16,0.25
17,0.55
18,0.24
19,0.58
20,0.31
21,0.21
22,0.22
23,0.79
24,0.28
25,0.35
26,0.39
27,0.43
28,1.17
29,0.60
30,0.40
31,0.39
32,0.51
33,3.34
34,3.09
35,0.72
36,0.64
37,1.50
38,0.94
39,1.51
40,1.56
41,0.50
42,3.40
43,0.83
44,1.56
45,1.00
46,1.37
47,0.98
48,6.16
49,1.24
50,1.66
51,3.50
52,1.42
53,2.10
54,8.02
55,4.05
56,3.16
57,4.64
58,0.82
59,1.25
60,1.44
61,3.56
62,2.22
63,3.00
64,2.40
65,0.76
66,1.97
67,10.64
68,3.55
69,4.34
70,1.27
71,1.15
72,4.89
73,2.64
74,20.24
75,3.58
76,12.85
77,6.27
78,1.96
79,6.79
80,4.86
0,0.05
1,0.05
2,0.05
3,0.05
4,0.06
5,0.06
6,0.09
7,0.12
8,0.23
9,0.12
10,0.74
11,0.21
12,0.28
13,0.44
14,0.28
15,0.20
16,0.32
17,0.39
18,0.41
19,0.24
20,0.57
21,0.65
22,0.35
23,0.75
24,0.49
25,0.38
26,0.38
27,0.83
28,0.98
29,0.36
30,0.32
31,0.92
32,0.60
33,1.38
34,0.54
35,0.76
36,0.56
37,0.65
38,2.52
39,0.38
40,1.58
41,0.54
42,0.81
43,2.26
44,1.89
45,2.98
46,4.63
47,3.30
48,0.61
49,4.78
50,1.81
51,2.81
52,3.30
53,9.27
54,2.81
55,1.51
56,1.40
57,2.22
58,1.73
59,3.38
60,1.82
61,4.64
62,5.56
63,1.40
64,1.88
65,5.76
66,1.36
67,5.15
68,3.76
69,6.62
70,3.34
71,7.94
72,4.06
73,1.48
74,3.60
75,13.36
76,8.25
77,2.84
78,4.60
79,4.24
80,8.18
0,0.05
1,0.05
2,0.05
3,0.06
4,0.06
5,0.07
6,0.10
7,0.20
8,0.08
9,0.14
10,0.18
11,0.22
12,0.60
13,0.28
14,0.39
15,0.55
16,0.84
17,0.25
18,0.28
19,0.20
20,0.23
21,0.51
22,0.28
23,0.53
24,0.40
25,0.35
26,0.26
27,0.70
28,0.58
29,0.50
30,0.46
31,1.33
32,1.35
33,1.36
34,0.36
35,0.64
36,1.04
37,2.42
38,0.42
39,1.53
40,1.23
41,2.98
42,2.57
43,0.46
44,2.13
45,6.98
46,4.66
47,2.82
48,2.92
49,2.91
50,0.52
51,1.98
52,1.54
53,2.02
54,4.07
55,0.68
56,6.14
57,2.25
58,2.00
59,1.86
60,14.20
61,3.69
62,1.33
63,1.24
64,4.88
65,4.43
66,5.32
67,12.18
68,2.35
69,8.50
70,3.51
71,1.86
72,18.70
73,3.00
74,6.05
75,6.42
76,7.20
77,4.26
78,9.55
79,2.45
80,1.29
0,0.04
1,0.05
2,0.05
3,0.05
4,0.06
5,0.06
6,0.13
7,0.18
8,0.12
9,0.30
10,0.34
11,0.28
12,0.22
13,0.57
14,0.15
15,0.44
16,0.68
17,0.36
18,0.44
19,0.20
20,0.22
21,0.77
22,0.45
23,0.55
24,0.46
25,0.39
26,1.25
27,0.77
28,0.52
29,0.64
30,1.66
31,0.62
32,1.60
33,0.57
34,1.83
35,1.09
36,1.01
37,0.55
38,1.74
39,0.68
40,0.59
41,1.91
42,0.49
43,2.20
44,0.51
45,4.17
46,3.48
47,0.59
48,2.27
49,3.20
50,1.14
51,1.91
52,2.81
53,1.68
54,2.22
55,3.90
56,6.03
57,1.19
58,2.04
59,1.56
60,1.68
61,1.78
62,2.48
63,9.52
64,1.50
65,0.85
66,3.13
67,4.06
68,2.23
69,1.44
70,4.14
71,3.32
72,4.08
73,3.60
74,2.98
75,3.62
76,2.13
77,11.44
78,3.84
79,5.02
80,6.74
0,0.05
1,0.05
2,0.05
3,0.06
4,0.05
5,0.06
6,0.08
7,0.11
8,0.14
9,0.11
10,0.45
11,0.17
12,0.18
13,0.32
14,0.28
15,0.68
16,0.19
17,0.50
18,0.44
19,0.62
20,0.62
21,0.36
22,0.24
23,0.36
24,0.40
25,0.36
26,0.33
27,0.52
28,0.28
29,0.41
30,0.41
31,0.61
32,0.49
33,0.42
34,0.41
35,1.14
36,0.34
37,1.08
38,1.33
39,1.04
40,1.01
41,0.76
42,2.28
43,2.90
44,1.78
45,4.13
46,1.14
47,4.39
48,0.50
49,1.42
50,2.34
51,0.87
52,6.55
53,1.20
54,0.65
55,10.86
56,1.76
57,7.72
58,6.08
59,1.84
60,1.01
61,2.52
62,9.79
63,2.24
64,8.38
65,2.36
66,4.07
67,2.48
68,2.14
69,3.58
70,6.73
71,1.61
72,2.50
73,8.22
74,2.76
75,3.55
76,2.37
77,3.87
78,2.18
79,7.55
80,1.34
0,0.04
1,0.05
2,0.05
3,0.06
4,0.06
5,0.07
6,0.14
7,0.16
8,0.17
9,0.32
10,0.15
11,0.17
12,0.19
13,0.36
14,0.41
15,0.66
16,0.86
17,0.21
18,0.30
19,0.35
20,0.34
21,0.53
22,0.35
23,0.56
24,1.18
25,0.88
26,0.34
27,0.66
28,1.18
29,0.34
30,0.81
31,0.46
32,0.36
33,1.06
34,1.26
35,3.01
36,0.69
37,1.67
38,1.13
39,1.19
40,1.86
41,0.57
42,2.98
43,1.46
44,1.28
45,3.59
46,2.42
47,0.63
48,6.70
49,3.80
50,1.88
51,1.28
52,3.40
53,4.40
54,3.82
55,1.91
56,1.14
57,2.10
58,5.84
59,9.39
60,9.46
61,2.16
62,2.81
63,0.98
64,6.08
65,2.74
66,6.06
67,11.57
68,4.47
69,5.45
70,15.99
71,8.86
72,5.48
73,6.85
74,14.00
75,4.23
76,3.59
77,3.44
78,5.52
79,7.52
80,4.87
0,0.05
1,0.05
2,0.06
3,0.06
4,0.06
5,0.08
6,0.16
7,0.11
8,0.13
9,0.13
10,0.27
11,0.43
12,0.58
13,0.14
14,0.56
15,0.54
16,0.39
17,0.38
18,0.33
19,0.20
20,0.29
21,0.22
22,0.48
23,0.28
24,0.34
25,1.16
26,0.25
27,0.95
28,0.33
29,1.90
30,0.47
31,1.17
32,1.85
33,0.33
34,1.06
35,0.40
36,1.57
37,0.79
38,1.15
39,3.71
40,2.50
41,3.00
42,1.25
43,0.77
44,1.30
45,2.27
46,1.00
47,1.62
48,4.60
49,1.42
50,0.80
51,1.67
52,0.88
53,1.62
54,4.78
55,3.54
56,0.80
57,1.94
58,1.74
59,5.06
60,15.90
61,5.49
62,10.13
63,1.93
64,1.67
65,4.64
66,3.39
67,7.32
68,2.19
69,0.91
70,4.55
71,6.69
72,1.93
73,4.84
74,2.94
75,2.64
76,3.25
77,6.44
78,4.13
79,3.19
80,8.34
0,0.05
1,0.05
2,0.05
3,0.06
4,0.06
5,0.07
6,0.18
7,0.10
8,0.20
9,0.15
10,0.17
11,0.24
12,0.21
13,0.43
14,0.55
15,0.28
16,0.80
17,0.64
18,0.33
19,0.22
20,0.40
21,0.22
22,0.53
23,0.56
24,0.92
25,0.61
26,0.30
27,0.53
28,0.88
29,0.97
30,0.38
31,1.78
32,0.51
33,0.54
34,0.47
35,2.50
36,1.39
37,0.64
38,0.56
39,1.20
40,0.46
41,1.24
42,3.22
43,3.34
44,0.51
45,1.12
46,1.28
47,3.26
48,0.52
49,3.00
50,1.13
51,1.84
52,0.68
53,1.61
54,3.80
55,3.36
56,1.05
57,6.95
58,1.50
59,2.35
60,3.92
61,2.70
62,5.89
63,1.38
64,4.67
65,2.69
66,2.01
67,2.68
68,8.50
69,8.46
70,10.31
71,1.33
72,1.54
73,5.95
74,14.61
75,3.57
76,3.12
77,2.49
78,4.49
79,6.76
80,1.16
0,0.04
1,0.04
2,0.05
